customer_id,customer_fname,customer_lname,customer_email,customer_password,customer_street,customer_city,customer_state,customer_zipcode
5001,Ann,Waller,XXXXXXXXX,XXXXXXXXX,7620 Thunder Gate,Caguas,PR,725
5002,Bryan,Smith,XXXXXXXXX,XXXXXXXXX,3937 Cinder Circle,Chicago,IL,60620
5003,Mary,Alexander,XXXXXXXXX,XXXXXXXXX,8407 Umber Leaf Pointe,Laguna Niguel,CA,92677
5004,Dorothy,Friedman,XXXXXXXXX,XXXXXXXXX,6461 Silver Heath,Miami,FL,33157
5005,Mary,Smith,XXXXXXXXX,XXXXXXXXX,3422 Blue Pioneer Bend,Berwyn,IL,60402
5006,Ann,Zimmerman,XXXXXXXXX,XXXXXXXXX,3240 Sleepy Beacon Bend,Painesville,OH,44077
5007,Mary,Smith,XXXXXXXXX,XXXXXXXXX,2264 Thunder Abbey,Caguas,PR,725
5008,Donald,Gibbs,XXXXXXXXX,XXXXXXXXX,9276 Dusty Isle,Lenoir,NC,28645
5009,Aaron,Smith,XXXXXXXXX,XXXXXXXXX,7380 Hazy Timber Expressway,Caguas,PR,725
5010,Mary,Olsen,XXXXXXXXX,XXXXXXXXX,5105 Middle Bay,Cleveland,OH,44102
5011,William,Berg,XXXXXXXXX,XXXXXXXXX,2387 Silver Freeway,Caguas,PR,725
5012,Karen,Smith,XXXXXXXXX,XXXXXXXXX,1800 Cotton Oak Beach,Brooklyn,NY,11207
5013,Mary,Peters,XXXXXXXXX,XXXXXXXXX,6630 Quaking Via,Reynoldsburg,OH,43068
5014,Peter,Smith,XXXXXXXXX,XXXXXXXXX,8247 Hidden Apple Island,Highland Park,MI,48203
5015,Mary,Gutierrez,XXXXXXXXX,XXXXXXXXX,6724 High Chase,Caguas,PR,725
5016,James,Rangel,XXXXXXXXX,XXXXXXXXX,1213 Quaking Plaza,Oceanside,CA,92056
5017,Joyce,Smith,XXXXXXXXX,XXXXXXXXX,3865 Harvest Prairie Mount,Dallas,TX,75216
5018,Jerry,Gibson,XXXXXXXXX,XXXXXXXXX,1492 Fallen Bank,Colorado Springs,CO,80918
5019,Mary,Smith,XXXXXXXXX,XXXXXXXXX,6340 Merry Blossom Boulevard,Caguas,PR,725
5020,Lawrence,Weeks,XXXXXXXXX,XXXXXXXXX,8666 Gentle Goose Run,Chicago,IL,60657
5021,Mary,Smith,XXXXXXXXX,XXXXXXXXX,1453 Amber Deer Farm,Caguas,PR,725
5022,Judy,Baker,XXXXXXXXX,XXXXXXXXX,610 Clear Apple Highway,San Jose,CA,95116
5023,Mary,Smith,XXXXXXXXX,XXXXXXXXX,4197 Emerald Hollow,Caguas,PR,725
5024,Thomas,Klein,XXXXXXXXX,XXXXXXXXX,7199 Golden Private,Flushing,NY,11355
5025,Paul,Stevenson,XXXXXXXXX,XXXXXXXXX,6554 Pleasant Lagoon Stead,Bronx,NY,10456
5026,Christian,Smith,XXXXXXXXX,XXXXXXXXX,2878 Hazy Wagon  Thicket,Jonesboro,AR,72401
5027,Mary,Collins,XXXXXXXXX,XXXXXXXXX,7831 Rustic Panda Front,Caguas,PR,725
5028,Joseph,Lucero,XXXXXXXXX,XXXXXXXXX,1112 Rustic Range,Miami,FL,33161
5029,Kevin,Smith,XXXXXXXXX,XXXXXXXXX,1875 Jagged Moor,Honolulu,HI,96822
5030,Rose,Harper,XXXXXXXXX,XXXXXXXXX,3671 Silver Village,Caguas,PR,725
5031,Mary,George,XXXXXXXXX,XXXXXXXXX,5148 Sleepy Timber Grove,San Antonio,TX,78201
5032,Christopher,Fry,XXXXXXXXX,XXXXXXXXX,1438 Honey Bay,Caguas,PR,725
5033,Mary,Smith,XXXXXXXXX,XXXXXXXXX,7362 Jagged Cape,Canton,MI,48187
5034,Rose,Williams,XXXXXXXXX,XXXXXXXXX,281 Sleepy Hickory Subdivision,Caguas,PR,725
5035,Mary,Drake,XXXXXXXXX,XXXXXXXXX,1674 Hidden Field,New York,NY,10032
5036,Andrew,Smith,XXXXXXXXX,XXXXXXXXX,5714 Fallen Prairie Woods,Canyon Country,CA,91351
5037,Amber,Pearson,XXXXXXXXX,XXXXXXXXX,1819 Noble Ramp,Los Angeles,CA,90016
5038,Mary,Smith,XXXXXXXXX,XXXXXXXXX,6847 Broad Orchard,Caguas,PR,725
5039,Christopher,Perez,XXXXXXXXX,XXXXXXXXX,3587 Pleasant Autoroute,Englewood,CO,80110
5040,Emily,Nicholson,XXXXXXXXX,XXXXXXXXX,437 Cozy Log Range,Caguas,PR,725
5041,Mary,Smith,XXXXXXXXX,XXXXXXXXX,3378 Old Drive,Massillon,OH,44646
5042,Andrew,Garner,XXXXXXXXX,XXXXXXXXX,3088 Cinder Ridge,Caguas,PR,725
5043,Mary,Smith,XXXXXXXXX,XXXXXXXXX,6122 Easy Oak Extension,Bronx,NY,10466
5044,Linda,Sanchez,XXXXXXXXX,XXXXXXXXX,4166 Golden Willow Circuit,Caguas,PR,725
5045,Nathan,Stevens,XXXXXXXXX,XXXXXXXXX,961 Honey Plaza,Antioch,TN,37013
5046,Mary,Smith,XXXXXXXXX,XXXXXXXXX,7191 Sunny Loop,Astoria,NY,11103
5047,Shirley,Whitehead,XXXXXXXXX,XXXXXXXXX,3627 Cozy Sky Trace,Caguas,PR,725
5048,Johnny,Smith,XXXXXXXXX,XXXXXXXXX,3367 Merry Mews,Buffalo,NY,14215
5049,Mary,Walton,XXXXXXXXX,XXXXXXXXX,7639 Silent Valley,Caguas,PR,725
5050,Susan,Nicholson,XXXXXXXXX,XXXXXXXXX,5202 Old Shadow Rise,Huntington Beach,CA,92647
5051,Brenda,Smith,XXXXXXXXX,XXXXXXXXX,7613 Amber Willow Manor,Fargo,ND,58103
5052,Larry,Meyer,XXXXXXXXX,XXXXXXXXX,92 Green Woods,Oregon City,OR,97045
5053,Mary,Smith,XXXXXXXXX,XXXXXXXXX,870 Amber Quail Circuit,Caguas,PR,725
5054,Paul,Thomas,XXXXXXXXX,XXXXXXXXX,6907 Stony Arbor,Brooklyn,NY,11214
5055,Emma,Clay,XXXXXXXXX,XXXXXXXXX,5824 Honey Glade,Caguas,PR,725
5056,Mary,Smith,XXXXXXXXX,XXXXXXXXX,2499 Sleepy Diversion,San Benito,TX,78586
5057,Angela,Lee,XXXXXXXXX,XXXXXXXXX,4466 Burning Round,Indianapolis,IN,46226
5058,Mary,Salinas,XXXXXXXXX,XXXXXXXXX,9980 Red Crossing,Caguas,PR,725
5059,Deborah,Smith,XXXXXXXXX,XXXXXXXXX,8976 Wishing Quail Ramp,Goose Creek,SC,29445
5060,Mary,Kelley,XXXXXXXXX,XXXXXXXXX,4320 Jagged Hollow,Caguas,PR,725
5061,Charles,Heath,XXXXXXXXX,XXXXXXXXX,2439 Quaking Cove,Chicago,IL,60660
5062,Donald,Mosley,XXXXXXXXX,XXXXXXXXX,7477 Easy Falls,South El Monte,CA,91733
5063,Frank,Smith,XXXXXXXXX,XXXXXXXXX,6692 Round Hill,Caguas,PR,725
5064,Mary,Carney,XXXXXXXXX,XXXXXXXXX,2128 Wishing Grove Route,Phoenix,AZ,85040
5065,Donald,Smith,XXXXXXXXX,XXXXXXXXX,5803 Burning Abbey,Dearborn,MI,48126
5066,Mary,Jones,XXXXXXXXX,XXXXXXXXX,8663 Green Anchor Ramp,Caguas,PR,725
5067,Robert,Glass,XXXXXXXXX,XXXXXXXXX,8566 Shady Bay,Ogden,UT,84404
5068,Anna,Smith,XXXXXXXXX,XXXXXXXXX,7168 Amber Row,Caguas,PR,725
5069,Mary,Martin,XXXXXXXXX,XXXXXXXXX,285 Silent Lookout,Hialeah,FL,33015
5070,Dorothy,Smith,XXXXXXXXX,XXXXXXXXX,6548 Lazy Cove,Mililani,HI,96789
5071,Andrew,Campos,XXXXXXXXX,XXXXXXXXX,5041 Honey Round,Caguas,PR,725
5072,Jacob,Smith,XXXXXXXXX,XXXXXXXXX,5078 Bright Park,New York,NY,10009
5073,Mary,Frazier,XXXXXXXXX,XXXXXXXXX,4113 Merry Barn Expressway,Poway,CA,92064
5074,Karen,Smith,XXXXXXXXX,XXXXXXXXX,1063 Fallen Subdivision,Caguas,PR,725
5075,Sharon,Moore,XXXXXXXXX,XXXXXXXXX,5180 Iron Brook Promenade,Jonesboro,AR,72401
5076,Mary,Jackson,XXXXXXXXX,XXXXXXXXX,5105 Middle Green,Cleveland,OH,44120
5077,Donald,Thompson,XXXXXXXXX,XXXXXXXXX,4491 High Dell,Caguas,PR,725
5078,Frances,Sparks,XXXXXXXXX,XXXXXXXXX,2042 Hidden Carrefour,Philadelphia,PA,19131
5079,Gregory,Cameron,XXXXXXXXX,XXXXXXXXX,6138 Rustic Walk,Caguas,PR,725
5080,Mary,Smith,XXXXXXXXX,XXXXXXXXX,3043 Silent Fawn Thicket,Houston,TX,77083
5081,Elizabeth,Kelley,XXXXXXXXX,XXXXXXXXX,8776 Amber Pines,Oregon City,OR,97045
5082,Susan,Smith,XXXXXXXXX,XXXXXXXXX,5193 Jagged Island Place,Caguas,PR,725
5083,George,Valentine,XXXXXXXXX,XXXXXXXXX,7576 Lazy Robin Swale,Bronx,NY,10452
5084,Edward,Smith,XXXXXXXXX,XXXXXXXXX,1995 Burning Fox Mountain,Irwin,PA,15642
5085,Janet,Jones,XXXXXXXXX,XXXXXXXXX,8615 Cotton Sky Highlands,Caguas,PR,725
5086,Mary,Parker,XXXXXXXXX,XXXXXXXXX,331 Grand Orchard,San Sebastian,PR,685
5087,Mark,Figueroa,XXXXXXXXX,XXXXXXXXX,4592 Lost Zephyr Concession,Caguas,PR,725
5088,Mary,Smith,XXXXXXXXX,XXXXXXXXX,698 Colonial Way,Oceanside,CA,92057
5089,James,Holloway,XXXXXXXXX,XXXXXXXXX,4958 Heather Panda Bank,Caguas,PR,725
5090,Margaret,Brandt,XXXXXXXXX,XXXXXXXXX,3775 Emerald Meadow,Carlsbad,CA,92009
5091,Sarah,Smith,XXXXXXXXX,XXXXXXXXX,8492 Round Path,Caguas,PR,725
5092,Mary,Rodriguez,XXXXXXXXX,XXXXXXXXX,9615 Jagged Downs,Chicago,IL,60624
5093,Sara,Rice,XXXXXXXXX,XXXXXXXXX,7236 Hidden Parkway,Caguas,PR,725
5094,Mary,Smith,XXXXXXXXX,XXXXXXXXX,9992 Easy Front,New York,NY,10016
5095,Louis,York,XXXXXXXXX,XXXXXXXXX,5609 Easy Leaf Expressway,Doylestown,PA,18901
5096,Mary,Smith,XXXXXXXXX,XXXXXXXXX,6801 Clear Fox View,Caguas,PR,725
5097,Jennifer,Moore,XXXXXXXXX,XXXXXXXXX,6721 Lost Drive,Martinez,CA,94553
5098,Janet,Allen,XXXXXXXXX,XXXXXXXXX,8343 Umber Avenue,Caguas,PR,725
5099,Mary,Mercer,XXXXXXXXX,XXXXXXXXX,8219 Wishing Creek Close,Aurora,IL,60505
5100,Stephen,Smith,XXXXXXXXX,XXXXXXXXX,7864 Broad Hickory Swale,Encinitas,CA,92024
5101,Mary,Ball,XXXXXXXXX,XXXXXXXXX,8772 Dusty Byway,Caguas,PR,725
5102,Heather,Smith,XXXXXXXXX,XXXXXXXXX,6009 Quiet Corner,Fort Lauderdale,FL,33311
5103,Mary,Davis,XXXXXXXXX,XXXXXXXXX,1744 Little Mews,Simi Valley,CA,93065
5104,Kevin,Raymond,XXXXXXXXX,XXXXXXXXX,7790 Green Berry Gate,West New York,NJ,7093
5105,Mary,Smith,XXXXXXXXX,XXXXXXXXX,2036 Tawny Branch Crossing,Alhambra,CA,91801
5106,Dylan,Rivera,XXXXXXXXX,XXXXXXXXX,5372 Silent Treasure Byway,Atlanta,GA,30318
5107,Mary,Waters,XXXXXXXXX,XXXXXXXXX,3152 Wishing Limits,Corona,CA,92879
5108,Victoria,Smith,XXXXXXXXX,XXXXXXXXX,9865 Blue Edge,Caguas,PR,725
5109,Beverly,Kim,XXXXXXXXX,XXXXXXXXX,1850 Cotton Farm,San Jose,CA,95124
5110,Mary,Smith,XXXXXXXXX,XXXXXXXXX,8719 Dewy Goose Via,Caguas,PR,725
5111,Janice,Reilly,XXXXXXXXX,XXXXXXXXX,8373 Round Timber Wharf,Brooklyn,NY,11208
5112,Mary,Smith,XXXXXXXXX,XXXXXXXXX,4182 Easy Ledge,Roseburg,OR,97470
5113,Judith,Osborne,XXXXXXXXX,XXXXXXXXX,8924 Easy Treasure Nook,Caguas,PR,725
5114,Mary,Smith,XXXXXXXXX,XXXXXXXXX,4379 Heather Parkway,San Antonio,TX,78227
5115,Paul,Chang,XXXXXXXXX,XXXXXXXXX,6864 High Gate Canyon,Caguas,PR,725
5116,Doris,Smith,XXXXXXXXX,XXXXXXXXX,1819 Noble Ramp,Brockton,MA,2301
5117,Grace,Mosley,XXXXXXXXX,XXXXXXXXX,6630 Harvest Nectar Circuit,Honolulu,HI,96819
5118,Mary,Smith,XXXXXXXXX,XXXXXXXXX,1388 Blue Turnabout,Caguas,PR,725
5119,Brenda,Miller,XXXXXXXXX,XXXXXXXXX,9503 Harvest Pony Ridge,San Diego,CA,92109
5120,Mary,Smith,XXXXXXXXX,XXXXXXXXX,6350 Lost Hollow,Caguas,PR,725
5121,Shawn,Holmes,XXXXXXXXX,XXXXXXXXX,4377 Hazy Hollow,Antioch,CA,94509
5122,Mary,Smith,XXXXXXXXX,XXXXXXXXX,5346 Blue Anchor Dale,Bayonne,NJ,7002
5123,Michelle,Bender,XXXXXXXXX,XXXXXXXXX,7017 Sunny Falls,Phoenix,AZ,85009
5124,Amber,Smith,XXXXXXXXX,XXXXXXXXX,3236 Grand Carrefour,Los Angeles,CA,90024
5125,Mary,Miller,XXXXXXXXX,XXXXXXXXX,6711 Blue Passage,Caguas,PR,725
5126,Karen,Roberts,XXXXXXXXX,XXXXXXXXX,4101 Crystal Range,Wheeling,WV,26003
5127,Mary,Smith,XXXXXXXXX,XXXXXXXXX,857 Little Wagon  Concession,Tempe,AZ,85283
5128,Angela,Franklin,XXXXXXXXX,XXXXXXXXX,1102 Cozy Wynd,Caguas,PR,725
5129,Dennis,Smith,XXXXXXXXX,XXXXXXXXX,9451 Iron Beach,Houston,TX,77036
5130,Mary,Pope,XXXXXXXXX,XXXXXXXXX,6140 Quiet Treasure Farm,Morganton,NC,28655
5131,Steven,Barr,XXXXXXXXX,XXXXXXXXX,2897 Cozy Sky Farms,Santee,CA,92071
5132,Rebecca,Smith,XXXXXXXXX,XXXXXXXXX,7585 Fallen Berry Green,Caguas,PR,725
5133,Grace,Olson,XXXXXXXXX,XXXXXXXXX,8632 Bright Route,Jacksonville,NC,28540
5134,Mary,Smith,XXXXXXXXX,XXXXXXXXX,7713 Little Terrace,Caguas,PR,725
5135,Harold,Silva,XXXXXXXXX,XXXXXXXXX,4365 Silver Bay,Tempe,AZ,85283
5136,Mary,Yoder,XXXXXXXXX,XXXXXXXXX,8688 Broad Shadow Abbey,Caguas,PR,725
5137,James,Smith,XXXXXXXXX,XXXXXXXXX,669 Velvet Branch Ramp,Riverside,CA,92507
5138,William,Rivera,XXXXXXXXX,XXXXXXXXX,3367 Easy Pines,Ventura,CA,93003
5139,Janet,Garner,XXXXXXXXX,XXXXXXXXX,4920 Gentle Autoroute,Greenville,NC,27858
5140,Mary,Walton,XXXXXXXXX,XXXXXXXXX,3283 Gentle Lake Landing,Morristown,NJ,7960
5141,Marie,Smith,XXXXXXXXX,XXXXXXXXX,3487 Green Rise,Caguas,PR,725
5142,Mary,Faulkner,XXXXXXXXX,XXXXXXXXX,9699 Honey Rise,Annapolis,MD,21401
5143,Mark,Smith,XXXXXXXXX,XXXXXXXXX,8172 Easy River Farms,Caguas,PR,725
5144,Mary,Montoya,XXXXXXXXX,XXXXXXXXX,8626 Silver End,Miami,FL,33161
5145,James,Smith,XXXXXXXXX,XXXXXXXXX,9882 Cotton Abbey,Caguas,PR,725
5146,Harry,Graves,XXXXXXXXX,XXXXXXXXX,7924 Wishing Nook,Santa Ana,CA,92707
5147,Mary,Hurst,XXXXXXXXX,XXXXXXXXX,9276 Jagged Towers,Caguas,PR,725
5148,Grace,Smith,XXXXXXXXX,XXXXXXXXX,507 Indian Front,Findlay,OH,45840
5149,Marilyn,Davis,XXXXXXXXX,XXXXXXXXX,2070 Indian Leaf Edge,Caguas,PR,725
5150,Mary,Smith,XXXXXXXXX,XXXXXXXXX,7640 Honey Apple Route,Raleigh,NC,27606
5151,Sarah,Alexander,XXXXXXXXX,XXXXXXXXX,7383 Green Run,Caguas,PR,725
5152,Mary,Andrews,XXXXXXXXX,XXXXXXXXX,436 Honey Willow Knoll,El Monte,CA,91732
5153,Evelyn,Smith,XXXXXXXXX,XXXXXXXXX,5010 Emerald Hollow,Philadelphia,PA,19140
5154,Teresa,Willis,XXXXXXXXX,XXXXXXXXX,5687 Clear Maze,Englewood,CO,80110
5155,Mary,Rosario,XXXXXXXXX,XXXXXXXXX,2122 Red Hollow,Caguas,PR,725
5156,Stephen,Smith,XXXXXXXXX,XXXXXXXXX,7831 Rustic Panda Front,Troy,MI,48098
5157,Mary,Tyler,XXXXXXXXX,XXXXXXXXX,2476 Wishing Branch Ledge,Caguas,PR,725
5158,Ashley,Smith,XXXXXXXXX,XXXXXXXXX,3810 Crystal Plaza,Bronx,NY,10467
5159,Mary,Thompson,XXXXXXXXX,XXXXXXXXX,1236 Burning Butterfly Circuit,Fort Lauderdale,FL,33312
5160,Steven,White,XXXXXXXXX,XXXXXXXXX,92 Wishing Hill,Caguas,PR,725
5161,Mary,Zavala,XXXXXXXXX,XXXXXXXXX,6134 Hidden Field,Mission Viejo,CA,92691
5162,Mary,Smith,XXXXXXXXX,XXXXXXXXX,7324 Pleasant Lagoon Quay,Caguas,PR,725
5163,Patricia,Freeman,XXXXXXXXX,XXXXXXXXX,9596 Silver Pond Mount,Palatine,IL,60067
5164,Teresa,Vazquez,XXXXXXXXX,XXXXXXXXX,3836 Quaking Round,Metairie,LA,70003
5165,Mary,Smith,XXXXXXXXX,XXXXXXXXX,9089 Green Berry Key,Caguas,PR,725
5166,James,Thomas,XXXXXXXXX,XXXXXXXXX,5593 Blue Grounds,Kenner,LA,70065
5167,Louis,Salinas,XXXXXXXXX,XXXXXXXXX,9966 Cinder Loop,Caguas,PR,725
5168,Mary,Smith,XXXXXXXXX,XXXXXXXXX,1819 Green Autoroute,Fort Worth,TX,76116
5169,Tiffany,Berger,XXXXXXXXX,XXXXXXXXX,6646 Hazy View Point,Caguas,PR,725
5170,Mary,Smith,XXXXXXXXX,XXXXXXXXX,436 Pleasant River Diversion,Lynwood,CA,90262
5171,Joan,Thompson,XXXXXXXXX,XXXXXXXXX,5961 Hidden Village,Saint Louis,MO,63116
5172,Ann,Underwood,XXXXXXXXX,XXXXXXXXX,1831 Silent Butterfly Inlet,Caguas,PR,725
5173,Mary,Smith,XXXXXXXXX,XXXXXXXXX,2889 Foggy Drive,Corona,CA,92879
5174,Helen,Miller,XXXXXXXXX,XXXXXXXXX,8771 Emerald Glade,Caguas,PR,725
5175,Mary,Sullivan,XXXXXXXXX,XXXXXXXXX,9672 Green Mountain Pines,Huntington Park,CA,90255
5176,Jessica,Smith,XXXXXXXXX,XXXXXXXXX,181 Velvet Highway,Hayward,CA,94544
5177,Tiffany,Hughes,XXXXXXXXX,XXXXXXXXX,7486 Cozy End,Encinitas,CA,92024
5178,Mary,Willis,XXXXXXXXX,XXXXXXXXX,1905 Merry Cloud Plaza,Caguas,PR,725
5179,Robert,Smith,XXXXXXXXX,XXXXXXXXX,3836 Blue Brook Stead,Irwin,PA,15642
5180,Raymond,Gordon,XXXXXXXXX,XXXXXXXXX,2770 Merry Heath,Caguas,PR,725
5181,Mary,Smith,XXXXXXXXX,XXXXXXXXX,1599 Bright River Valley,Broken Arrow,OK,74012
5182,Thomas,Morgan,XXXXXXXXX,XXXXXXXXX,5443 Hazy Pond Way,Caguas,PR,725
5183,Mary,Schroeder,XXXXXXXXX,XXXXXXXXX,4097 Little Spring Mall ,Laredo,TX,78040
5184,Christopher,Villarreal,XXXXXXXXX,XXXXXXXXX,4089 Silver Autumn Crossing,Caguas,PR,725
5185,Mary,Smith,XXXXXXXXX,XXXXXXXXX,8617 Cinder Mountain Forest,Baltimore,MD,21218
5186,Jason,Robinson,XXXXXXXXX,XXXXXXXXX,1965 Shady Robin Townline,Alhambra,CA,91801
5187,Mary,Smith,XXXXXXXXX,XXXXXXXXX,3183 Blue Route,Caguas,PR,725
5188,Margaret,Grant,XXXXXXXXX,XXXXXXXXX,3470 Gentle Place,Toa Baja,PR,949
5189,Frank,Elliott,XXXXXXXXX,XXXXXXXXX,7422 Noble Thicket,Philadelphia,PA,19104
5190,Mary,Smith,XXXXXXXXX,XXXXXXXXX,7262 Silent Forest,Middletown,CT,6457
5191,Elizabeth,Wells,XXXXXXXXX,XXXXXXXXX,2568 Rustic Valley,Caguas,PR,725
5192,Susan,Smith,XXXXXXXXX,XXXXXXXXX,1109 Wishing Crest,Irvington,NJ,7111
5193,Amanda,Stokes,XXXXXXXXX,XXXXXXXXX,4746 Green Hills Promenade,Caguas,PR,725
5194,Mary,Smith,XXXXXXXXX,XXXXXXXXX,9216 Easy Zephyr Farm,Chandler,AZ,85225
5195,Steven,Daniel,XXXXXXXXX,XXXXXXXXX,3089 Cotton Panda Bend,Bayonne,NJ,7002
5196,Mary,Smith,XXXXXXXXX,XXXXXXXXX,9816 Grand Hills Knoll,South San Francisco,CA,94080
5197,Brenda,Jordan,XXXXXXXXX,XXXXXXXXX,4692 Jagged Thicket,Caguas,PR,725
5198,Mary,Smith,XXXXXXXXX,XXXXXXXXX,5443 Hazy Pond Way,Warren,MI,48093
5199,Patricia,Martinez,XXXXXXXXX,XXXXXXXXX,3737 Blue Path,Caguas,PR,725
5200,Jennifer,Little,XXXXXXXXX,XXXXXXXXX,1607 Hazy Butterfly Swale,Hyattsville,MD,20783
5201,Michelle,Keith,XXXXXXXXX,XXXXXXXXX,8189 Clear Key,Caguas,PR,725
5202,Mary,Smith,XXXXXXXXX,XXXXXXXXX,3541 Amber Knoll,Victorville,CA,92392
5203,Mary,Chandler,XXXXXXXXX,XXXXXXXXX,9087 Foggy Townline,Lockport,IL,60441
5204,Andrew,Smith,XXXXXXXXX,XXXXXXXXX,346 Rocky Embers Maze,Caguas,PR,725
5205,Diane,Adams,XXXXXXXXX,XXXXXXXXX,4047 Indian Range,Detroit,MI,48205
5206,Mary,Palmer,XXXXXXXXX,XXXXXXXXX,4212 Cozy Corners,San Diego,CA,92113
5207,Catherine,Erickson,XXXXXXXXX,XXXXXXXXX,5840 Pleasant Link,Caguas,PR,725
5208,Megan,Clarke,XXXXXXXXX,XXXXXXXXX,5945 Clear Street,Bronx,NY,10453
5209,Mary,Smith,XXXXXXXXX,XXXXXXXXX,2125 Gentle Cove,Detroit,MI,48205
5210,Thomas,Kelly,XXXXXXXXX,XXXXXXXXX,9077 Little Swale,San Jose,CA,95112
5211,Brian,Compton,XXXXXXXXX,XXXXXXXXX,1981 Thunder Zephyr Edge,New Brunswick,NJ,8901
5212,Mary,Smith,XXXXXXXXX,XXXXXXXXX,8813 Cozy Gate Hill,Caguas,PR,725
5213,Betty,Moore,XXXXXXXXX,XXXXXXXXX,9595 Lazy Link,South Gate,CA,90280
5214,Mary,Poole,XXXXXXXXX,XXXXXXXXX,346 Silver Hickory Village,New York,NY,10033
5215,Amber,Smith,XXXXXXXXX,XXXXXXXXX,3051 Old Bluff Port,Cypress,CA,90630
5216,Mary,Pitts,XXXXXXXXX,XXXXXXXXX,2459 Old Pine Boulevard,Caguas,PR,725
5217,David,Smith,XXXXXXXXX,XXXXXXXXX,6906 Quiet Rise,Livermore,CA,94550
5218,Timothy,George,XXXXXXXXX,XXXXXXXXX,6575 Little Boulevard,Costa Mesa,CA,92626
5219,Patrick,Smith,XXXXXXXXX,XXXXXXXXX,2434 Colonial Farms,Fort Lauderdale,FL,33324
5220,Mary,Evans,XXXXXXXXX,XXXXXXXXX,3510 Umber Wagon  Towers,Caguas,PR,725
5221,Amanda,Smith,XXXXXXXXX,XXXXXXXXX,7119 Iron Creek Farm,Ballwin,MO,63021
5222,Evelyn,Vincent,XXXXXXXXX,XXXXXXXXX,4436 Old Villas,Saint Louis,MO,63136
5223,Mary,Smith,XXXXXXXXX,XXXXXXXXX,4590 Silver Anchor Street,Rowland Heights,CA,91748
5224,Jane,Green,XXXXXXXXX,XXXXXXXXX,3796 Rustic Autoroute,Caguas,PR,725
5225,Mary,Smith,XXXXXXXXX,XXXXXXXXX,8671 Dusty Bear Autoroute,Peabody,MA,1960
5226,Martha,Cook,XXXXXXXXX,XXXXXXXXX,2729 Broad By-pass,Caguas,PR,725
5227,Madison,Mcfarland,XXXXXXXXX,XXXXXXXXX,2186 Easy Creek Key,New Castle,DE,19720
5228,Mary,Smith,XXXXXXXXX,XXXXXXXXX,7801 Lost Key,Moline,IL,61265
5229,Thomas,Butler,XXXXXXXXX,XXXXXXXXX,4047 Indian Range,Caguas,PR,725
5230,Jason,Smith,XXXXXXXXX,XXXXXXXXX,4725 Colonial Hickory Chase,Santa Ana,CA,92704
5231,Mary,Reynolds,XXXXXXXXX,XXXXXXXXX,4823 Broad Route,Oregon City,OR,97045
5232,Zachary,Gonzales,XXXXXXXXX,XXXXXXXXX,1819 Hazy Arbor,Caguas,PR,725
5233,Mary,Sandoval,XXXXXXXXX,XXXXXXXXX,9695 Bright Path,Houston,TX,77081
5234,Shirley,Humphrey,XXXXXXXXX,XXXXXXXXX,119 Gentle Wynd,Caguas,PR,725
5235,Mary,Smith,XXXXXXXXX,XXXXXXXXX,2206 Old Timber Highlands,East Brunswick,NJ,8816
5236,Jessica,Roberts,XXXXXXXXX,XXXXXXXXX,1381 Tawny Trace,Caguas,PR,725
5237,Mary,Gilbert,XXXXXXXXX,XXXXXXXXX,5779 Quiet Brook Pines,Rowland Heights,CA,91748
5238,Frank,Smith,XXXXXXXXX,XXXXXXXXX,8905 Heather Bluff Place,Caguas,PR,725
5239,Johnny,Brown,XXXXXXXXX,XXXXXXXXX,1980 Thunder Edge,San Diego,CA,92105
5240,Mary,Patterson,XXXXXXXXX,XXXXXXXXX,5220 Lost Passage,Tinley Park,IL,60477
5241,Emily,Jacobs,XXXXXXXXX,XXXXXXXXX,3702 Noble Plaza,Germantown,MD,20874
5242,Cheryl,Wang,XXXXXXXXX,XXXXXXXXX,7181 Honey Quail Byway,Philadelphia,PA,19144
5243,Mary,Smith,XXXXXXXXX,XXXXXXXXX,2387 Silver Freeway,Caguas,PR,725
5244,Alexander,Meyer,XXXXXXXXX,XXXXXXXXX,8370 Middle Goose Estates,Bronx,NY,10457
5245,Mary,Montgomery,XXXXXXXXX,XXXXXXXXX,7810 Stony Stead,Elyria,OH,44035
5246,Emily,Smith,XXXXXXXXX,XXXXXXXXX,3938 Old Field,Tempe,AZ,85281
5247,Mary,Hunter,XXXXXXXXX,XXXXXXXXX,2544 Burning Sky Key,Caguas,PR,725
5248,James,Smith,XXXXXXXXX,XXXXXXXXX,6269 Silver Bluff Alley,Far Rockaway,NY,11691
5249,Robert,Huffman,XXXXXXXXX,XXXXXXXXX,406 Shady Cider Corner,Sacramento,CA,95822
5250,Donald,Smith,XXXXXXXXX,XXXXXXXXX,3621 Shady Glade,Caguas,PR,725
5251,Stephen,Potts,XXXXXXXXX,XXXXXXXXX,1112 Quaking Panda Way,Bayamon,PR,959
5252,Mary,Smith,XXXXXXXXX,XXXXXXXXX,92 Heather Cloud Circle,Caguas,PR,725
5253,Susan,Watkins,XXXXXXXXX,XXXXXXXXX,363 Indian Berry Abbey,Chandler,AZ,85225
5254,Victoria,Francis,XXXXXXXXX,XXXXXXXXX,326 Crystal Parade,Beloit,WI,53511
5255,Mary,Marks,XXXXXXXXX,XXXXXXXXX,5293 Hidden Lane,Virginia Beach,VA,23455
5256,Cheryl,Smith,XXXXXXXXX,XXXXXXXXX,6228 Cozy Treasure Round,Caguas,PR,725
5257,Denise,Boyd,XXXXXXXXX,XXXXXXXXX,6080 Blue Close,College Station,TX,77840
5258,Mary,Hoffman,XXXXXXXXX,XXXXXXXXX,6535 Merry Hills Orchard,Caguas,PR,725
5259,Dennis,Smith,XXXXXXXXX,XXXXXXXXX,7792 Lost Grounds,Houston,TX,77036
5260,Mary,Hartman,XXXXXXXXX,XXXXXXXXX,363 Middle View Dell,Caguas,PR,725
5261,Jennifer,Suarez,XXXXXXXXX,XXXXXXXXX,9600 Velvet Horse Freeway,Manati,PR,674
5262,Eric,Smith,XXXXXXXXX,XXXXXXXXX,7094 Golden Parade,Caguas,PR,725
5263,Benjamin,Taylor,XXXXXXXXX,XXXXXXXXX,6843 Dusty Log Edge,San Jose,CA,95112
5264,Mary,Smith,XXXXXXXXX,XXXXXXXXX,3853 Middle Lagoon Downs,Caguas,PR,725
5265,Sarah,Rogers,XXXXXXXXX,XXXXXXXXX,3919 Red Branch Corner,Los Angeles,CA,90011
5266,Adam,Pratt,XXXXXXXXX,XXXXXXXXX,3193 Old Parkway,Brooklyn,NY,11219
5267,Mary,Smith,XXXXXXXXX,XXXXXXXXX,7683 Sunny Sky Field,Brooklyn,NY,11215
5268,Stephen,Blair,XXXXXXXXX,XXXXXXXXX,6317 Stony Fawn Glade,Tonawanda,NY,14150
5269,Mary,Smith,XXXXXXXXX,XXXXXXXXX,5589 Cinder Berry Heights,Caguas,PR,725
5270,Andrea,Johnson,XXXXXXXXX,XXXXXXXXX,9595 Iron Orchard,Chicago,IL,60620
5271,Mary,Hall,XXXXXXXXX,XXXXXXXXX,9861 Grand Elk Trace,North Hills,CA,91343
5272,Jean,Fuentes,XXXXXXXXX,XXXXXXXXX,6842 Middle Apple Row,Las Vegas,NV,89117
5273,Mary,Smith,XXXXXXXXX,XXXXXXXXX,9234 Broad Private,Vista,CA,92084
5274,Michael,Beard,XXXXXXXXX,XXXXXXXXX,1811 Hazy Oak Subdivision,Caguas,PR,725
5275,Alan,Smith,XXXXXXXXX,XXXXXXXXX,697 Little Meadow,Trujillo Alto,PR,976
5276,Mary,Martin,XXXXXXXXX,XXXXXXXXX,1378 Indian End,Chillicothe,OH,45601
5277,James,Morgan,XXXXXXXXX,XXXXXXXXX,7717 Rocky Corner,Caguas,PR,725
5278,Raymond,Kennedy,XXXXXXXXX,XXXXXXXXX,8110 Broad Passage,Westminster,CA,92683
5279,Kathryn,Smith,XXXXXXXXX,XXXXXXXXX,5783 Umber Goose Grove,Fayetteville,NC,28314
5280,Mary,Day,XXXXXXXXX,XXXXXXXXX,5105 Thunder Diversion,Caguas,PR,725
5281,James,Smith,XXXXXXXXX,XXXXXXXXX,3493 High Apple Walk,Chicago,IL,60619
5282,Gary,Johnson,XXXXXXXXX,XXXXXXXXX,9463 Tawny Place,Lawrenceville,GA,30044
5283,Jacob,Guerrero,XXXXXXXXX,XXXXXXXXX,3309 Grand Circuit,Escondido,CA,92026
5284,Mary,Smith,XXXXXXXXX,XXXXXXXXX,2876 Lazy Spring Corners,Caguas,PR,725
5285,Heather,Bentley,XXXXXXXXX,XXXXXXXXX,8623 Shady Subdivision,Clearfield,UT,84015
5286,Mary,Smith,XXXXXXXXX,XXXXXXXXX,1736 Clear Gate,Caguas,PR,725
5287,Margaret,Wu,XXXXXXXXX,XXXXXXXXX,6517 Hazy Wagon  Walk,Bronx,NY,10456
5288,Timothy,Smith,XXXXXXXXX,XXXXXXXXX,8477 Fallen Promenade,Caguas,PR,725
5289,Jacob,Russo,XXXXXXXXX,XXXXXXXXX,5335 Foggy Jetty,Bismarck,ND,58501
5290,Mary,Smith,XXXXXXXXX,XXXXXXXXX,7676 Colonial Towers,Caguas,PR,725
5291,Carolyn,Johnson,XXXXXXXXX,XXXXXXXXX,122 Stony Quail Canyon,Brooklyn,NY,11201
5292,Mary,Torres,XXXXXXXXX,XXXXXXXXX,8533 High Rabbit Cape,Caguas,PR,725
5293,Michelle,Callahan,XXXXXXXXX,XXXXXXXXX,1321 Cotton Horse Concession,Sacramento,CA,95823
5294,Nicholas,Smith,XXXXXXXXX,XXXXXXXXX,2749 Quiet Willow Lane,Ballwin,MO,63021
5295,Mary,Williams,XXXXXXXXX,XXXXXXXXX,2058 Quaking Oak Common,Bountiful,UT,84010
5296,Evelyn,Jefferson,XXXXXXXXX,XXXXXXXXX,4743 Rustic Glade,Caguas,PR,725
5297,Mary,Smith,XXXXXXXXX,XXXXXXXXX,8734 Dewy Expressway,San Diego,CA,92115
5298,Lisa,Moore,XXXXXXXXX,XXXXXXXXX,1663 Hidden Brook Island,New York,NY,10040
5299,Mary,Randall,XXXXXXXXX,XXXXXXXXX,260 Silver Byway,Caguas,PR,725
5300,Joseph,Smith,XXXXXXXXX,XXXXXXXXX,6651 Iron Port,Orlando,FL,32822
5301,Mary,Ward,XXXXXXXXX,XXXXXXXXX,8828 Red Farms,Caguas,PR,725
5302,Betty,Smith,XXXXXXXXX,XXXXXXXXX,2289 Cozy Promenade,Medford,MA,2155
5303,Diana,Shepherd,XXXXXXXXX,XXXXXXXXX,3139 Golden Autumn Byway,Carrollton,TX,75006
5304,Mary,Smith,XXXXXXXXX,XXXXXXXXX,1658 Emerald Pony Green,Caguas,PR,725
5305,Kathleen,Bailey,XXXXXXXXX,XXXXXXXXX,2027 Heather Hickory Crescent,Corona,CA,92882
5306,Mary,Conley,XXXXXXXXX,XXXXXXXXX,6077 Golden Gate Road,Caguas,PR,725
5307,Nicholas,Herman,XXXXXXXXX,XXXXXXXXX,8314 Rocky Pines,New Braunfels,TX,78130
5308,Mary,Smith,XXXXXXXXX,XXXXXXXXX,5007 Little Barn Inlet,Caguas,PR,725
5309,Jessica,Johnston,XXXXXXXXX,XXXXXXXXX,5463 Rocky Ridge,Smyrna,GA,30080
5310,Ryan,Baird,XXXXXXXXX,XXXXXXXXX,6451 Noble Blossom Manor,Caguas,PR,725
5311,Mary,Smith,XXXXXXXXX,XXXXXXXXX,5198 Colonial Loop,Brighton,MA,2135
5312,Nancy,Flores,XXXXXXXXX,XXXXXXXXX,8832 Quiet Manor,Caguas,PR,725
5313,Mary,Webb,XXXXXXXXX,XXXXXXXXX,8666 Pleasant Quail Canyon,Las Vegas,NV,89108
5314,Karen,Smith,XXXXXXXXX,XXXXXXXXX,4110 Silent Pointe,Everett,WA,98208
5315,Tammy,Thomas,XXXXXXXXX,XXXXXXXXX,5802 Rocky Bluff Gardens,Caguas,PR,725
5316,Mary,Harris,XXXXXXXXX,XXXXXXXXX,8839 Quiet Leaf Range,Chesapeake,VA,23320
5317,Mary,Bender,XXXXXXXXX,XXXXXXXXX,9615 Round Harbour,Caguas,PR,725
5318,Jessica,Smith,XXXXXXXXX,XXXXXXXXX,4232 Pleasant Bear Park,Cleveland,OH,44109
5319,Melissa,Harrison,XXXXXXXXX,XXXXXXXXX,6424 Easy Forest Gate,Caguas,PR,725
5320,Mary,Garza,XXXXXXXXX,XXXXXXXXX,9897 Sunny Via,Stockton,CA,95207
5321,Robert,Rowe,XXXXXXXXX,XXXXXXXXX,2261 Harvest Gate,Caguas,PR,725
5322,Christine,Smith,XXXXXXXXX,XXXXXXXXX,2972 Grand Hills Concession,New York,NY,10025
5323,Julia,James,XXXXXXXXX,XXXXXXXXX,4930 Stony Branch Townline,Antioch,TN,37013
5324,Mary,Patterson,XXXXXXXXX,XXXXXXXXX,8598 Dewy Grove Path,Houston,TX,77015
5325,Diana,Smith,XXXXXXXXX,XXXXXXXXX,4377 Heather Canyon,Caguas,PR,725
5326,Sean,Spencer,XXXXXXXXX,XXXXXXXXX,6340 Merry Blossom Boulevard,Los Angeles,CA,90066
5327,Mary,Mcbride,XXXXXXXXX,XXXXXXXXX,2251 Bright Glade,Raleigh,NC,27610
5328,William,Smith,XXXXXXXXX,XXXXXXXXX,690 Hazy Field,Caguas,PR,725
5329,Jack,Townsend,XXXXXXXXX,XXXXXXXXX,4352 Heather Timber Quay,Long Beach,CA,90805
5330,Mary,Smith,XXXXXXXXX,XXXXXXXXX,8792 Crystal Sky Hollow,Atlanta,GA,30349
5331,Victoria,Hines,XXXXXXXXX,XXXXXXXXX,8172 High Branch Canyon,Bakersfield,CA,93308
5332,Mary,Smith,XXXXXXXXX,XXXXXXXXX,1534 Wishing Blossom Nook,Caguas,PR,725
5333,James,Santiago,XXXXXXXXX,XXXXXXXXX,9124 Gentle Pike,Brooklyn,NY,11221
5334,Michael,Smith,XXXXXXXXX,XXXXXXXXX,2423 Indian Brook Valley,Richmond,KY,40475
5335,Phillip,Paul,XXXXXXXXX,XXXXXXXXX,847 Dewy Berry Acres,Caguas,PR,725
5336,Mary,Smith,XXXXXXXXX,XXXXXXXXX,6461 Blue Pines,Lutz,FL,33549
5337,Samuel,Stephenson,XXXXXXXXX,XXXXXXXXX,1688 Crystal Leaf Vista,Caguas,PR,725
5338,Amber,Smith,XXXXXXXXX,XXXXXXXXX,2221 Lazy Sky Trail,Newark,NJ,7104
5339,Mary,Moore,XXXXXXXXX,XXXXXXXXX,5687 Clear Maze,Caguas,PR,725
5340,Nicole,Lewis,XXXXXXXXX,XXXXXXXXX,6727 Hazy Isle,Hawthorne,CA,90250
5341,Mary,West,XXXXXXXXX,XXXXXXXXX,5492 Blue View,Brooklyn,NY,11230
5342,Willie,Flynn,XXXXXXXXX,XXXXXXXXX,7596 Bright Pike,San Jose,CA,95111
5343,Mary,Smith,XXXXXXXXX,XXXXXXXXX,7924 Blue Parade,Oak Lawn,IL,60453
5344,Jacqueline,Smith,XXXXXXXXX,XXXXXXXXX,1635 Round Expressway,Caguas,PR,725
5345,Mary,Martinez,XXXXXXXXX,XXXXXXXXX,9734 Stony Farms,Newburgh,NY,12550
5346,John,Carlson,XXXXXXXXX,XXXXXXXXX,1632 Fallen Robin Quay,Caguas,PR,725
5347,Madison,Smith,XXXXXXXXX,XXXXXXXXX,7851 Stony Prairie Highway,Woodbridge,VA,22193
5348,Mary,Wilson,XXXXXXXXX,XXXXXXXXX,1320 Silver Embers Villas,Los Angeles,CA,90032
5349,Kenneth,Martin,XXXXXXXXX,XXXXXXXXX,4204 Iron Hollow,Caguas,PR,725
5350,Timothy,Solomon,XXXXXXXXX,XXXXXXXXX,8667 Jagged Trail,Compton,CA,90220
5351,Mary,Smith,XXXXXXXXX,XXXXXXXXX,6582 Red Heights,Cleveland,OH,44109
5352,Emma,Richards,XXXXXXXXX,XXXXXXXXX,1438 Round Trail,Caguas,PR,725
5353,Mary,Smith,XXXXXXXXX,XXXXXXXXX,9557 Jagged Village,Amarillo,TX,79109
5354,William,King,XXXXXXXXX,XXXXXXXXX,6229 Heather Butterfly Pathway,Caguas,PR,725
5355,Andrea,Reese,XXXXXXXXX,XXXXXXXXX,8544 Silent Treasure Thicket,Charlotte,NC,28205
5356,Mary,Rasmussen,XXXXXXXXX,XXXXXXXXX,295 Dusty Rise Square,Reynoldsburg,OH,43068
5357,Jean,Smith,XXXXXXXXX,XXXXXXXXX,8908 Lazy By-pass,Caguas,PR,725
5358,Mary,Smith,XXXXXXXXX,XXXXXXXXX,8478 Clear Anchor Round,Pacoima,CA,91331
5359,Raymond,Wu,XXXXXXXXX,XXXXXXXXX,3891 Broad Line,Annapolis,MD,21401
5360,Mary,Smith,XXXXXXXXX,XXXXXXXXX,8929 Harvest Promenade,Asheboro,NC,27203
5361,John,Molina,XXXXXXXXX,XXXXXXXXX,7175 Pleasant View,Caguas,PR,725
5362,Brenda,Hendricks,XXXXXXXXX,XXXXXXXXX,5497 Old Trace,Milford,CT,6460
5363,Mary,Smith,XXXXXXXXX,XXXXXXXXX,6943 Misty Quail Link,Jackson,MI,49201
5364,Thomas,Colon,XXXXXXXXX,XXXXXXXXX,2568 Bright Lookout,Caguas,PR,725
5365,Mary,Smith,XXXXXXXXX,XXXXXXXXX,6187 Sunny Meadow,Miami,FL,33161
5366,Lawrence,Brooks,XXXXXXXXX,XXXXXXXXX,9086 Noble Port,San Diego,CA,92102
5367,Mary,Mccormick,XXXXXXXXX,XXXXXXXXX,2199 Silver Autumn Key,Caguas,PR,725
5368,Gerald,Smith,XXXXXXXXX,XXXXXXXXX,6496 Noble Promenade,Brooklyn,NY,11235
5369,Mary,Short,XXXXXXXXX,XXXXXXXXX,454 Misty Corner,North Richland Hills,TX,76180
5370,Andrew,Smith,XXXXXXXXX,XXXXXXXXX,4152 Burning Prairie Square,San Diego,CA,92117
5371,Emma,Robinson,XXXXXXXXX,XXXXXXXXX,9279 Indian Way,Caguas,PR,725
5372,Mary,Smith,XXXXXXXXX,XXXXXXXXX,7422 Heather Heath,Augusta,GA,30906
5373,Patricia,Serrano,XXXXXXXXX,XXXXXXXXX,4429 Lost Elk Front,Houston,TX,77015
5374,Brandon,Smith,XXXXXXXXX,XXXXXXXXX,2341 Misty Pathway,Caguas,PR,725
5375,Jeremy,Holmes,XXXXXXXXX,XXXXXXXXX,1819 Noble Ramp,Los Angeles,CA,90046
5376,Mary,Smith,XXXXXXXXX,XXXXXXXXX,4733 Noble Treasure Run,Caguas,PR,725
5377,Crystal,Jones,XXXXXXXXX,XXXXXXXXX,6711 Wishing Mount,Middletown,OH,45044
5378,Mary,Frye,XXXXXXXXX,XXXXXXXXX,7727 Indian Orchard,Caguas,PR,725
5379,Ralph,Smith,XXXXXXXXX,XXXXXXXXX,3826 Umber Branch View,Virginia Beach,VA,23455
5380,Mary,Cole,XXXXXXXXX,XXXXXXXXX,1329 Lazy Treasure Green,Caguas,PR,725
5381,Marilyn,Curry,XXXXXXXXX,XXXXXXXXX,4385 Dusty Drive,Los Angeles,CA,90047
5382,Mary,Smith,XXXXXXXXX,XXXXXXXXX,6104 Rocky Sky Vale,Caguas,PR,725
5383,Mary,Frye,XXXXXXXXX,XXXXXXXXX,8342 Rocky Row,Staten Island,NY,10312
5384,Christopher,Smith,XXXXXXXXX,XXXXXXXXX,5657 Lost Expressway,Houston,TX,77015
5385,Lisa,Pope,XXXXXXXXX,XXXXXXXXX,2264 Green Place,Caguas,PR,725
5386,Brenda,Smith,XXXXXXXXX,XXXXXXXXX,3067 Hazy Autoroute,Chesapeake,VA,23322
5387,Mary,Riley,XXXXXXXXX,XXXXXXXXX,6395 Jagged Quail Grounds,Caguas,PR,725
5388,David,Ashley,XXXXXXXXX,XXXXXXXXX,1790 Dewy Apple Orchard,Hendersonville,TN,37075
5389,Mary,Smith,XXXXXXXXX,XXXXXXXXX,9003 Easy Gate Drive,Caguas,PR,725
5390,Kimberly,Padilla,XXXXXXXXX,XXXXXXXXX,3669 Harvest Manor,Allentown,PA,18103
5391,Mary,Smith,XXXXXXXXX,XXXXXXXXX,8804 High Dale Cove,Roswell,GA,30075
5392,Ann,James,XXXXXXXXX,XXXXXXXXX,7570 Iron Fawn Square,Caguas,PR,725
5393,Mary,Zimmerman,XXXXXXXXX,XXXXXXXXX,5841 Noble Loop,Wilmington,CA,90744
5394,Diana,Smith,XXXXXXXXX,XXXXXXXXX,3983 Wishing Path,Caguas,PR,725
5395,Mary,Bell,XXXXXXXXX,XXXXXXXXX,6512 Middle Parade,San Antonio,TX,78201
5396,Cheryl,Smith,XXXXXXXXX,XXXXXXXXX,5348 Gentle Hickory Concession,Caguas,PR,725
5397,Mary,Nelson,XXXXXXXXX,XXXXXXXXX,6316 Quiet Pines,Baltimore,MD,21224
5398,James,Rogers,XXXXXXXXX,XXXXXXXXX,5497 Quiet Landing,Jersey City,NJ,7307
5399,Jean,Smith,XXXXXXXXX,XXXXXXXXX,9437 Gentle Edge,Caguas,PR,725
5400,Mary,Torres,XXXXXXXXX,XXXXXXXXX,4542 Stony Nook,Enfield,CT,6082
5401,Amber,Smith,XXXXXXXXX,XXXXXXXXX,9139 Thunder Forest Point,Caguas,PR,725
5402,Crystal,Ryan,XXXXXXXXX,XXXXXXXXX,8548 Dusty Subdivision,Fort Lauderdale,FL,33312
5403,Mary,Smith,XXXXXXXXX,XXXXXXXXX,9008 Red Circuit,Columbus,OH,43207
5404,Sara,Castillo,XXXXXXXXX,XXXXXXXXX,4232 Pleasant Bear Park,Caguas,PR,725
5405,Hannah,Deleon,XXXXXXXXX,XXXXXXXXX,2905 Sleepy Route,Chicago,IL,60619
5406,Mary,Whitehead,XXXXXXXXX,XXXXXXXXX,3047 Foggy Forest Plaza,Algonquin,IL,60102
5407,Joshua,Smith,XXXXXXXXX,XXXXXXXXX,8340 Lazy Grove Downs,Caguas,PR,725
5408,Rebecca,Zamora,XXXXXXXXX,XXXXXXXXX,7106 Rustic Brook Byway,Fremont,CA,94539
5409,Ethan,Smith,XXXXXXXXX,XXXXXXXXX,3018 Blue Trail,Caguas,PR,725
5410,Mary,Davis,XXXXXXXXX,XXXXXXXXX,9404 Crystal Island Acres,Pittsburg,CA,94565
5411,Robert,Crane,XXXXXXXXX,XXXXXXXXX,7723 Lazy Mount,Aurora,CO,80010
5412,Roger,Smith,XXXXXXXXX,XXXXXXXXX,8428 Thunder Private,Caguas,PR,725
5413,Mary,Smith,XXXXXXXXX,XXXXXXXXX,6317 Cinder River Centre,Chicago,IL,60643
5414,Helen,Christensen,XXXXXXXXX,XXXXXXXXX,1055 Indian Pointe,Caguas,PR,725
5415,Mary,Smith,XXXXXXXXX,XXXXXXXXX,7558 Burning Island Harbour,Yuma,AZ,85364
5416,Justin,Garcia,XXXXXXXXX,XXXXXXXXX,1294 Lost Elk Trail,Medford,MA,2155
5417,Dennis,Meyer,XXXXXXXXX,XXXXXXXXX,7342 Hidden Walk,Caguas,PR,725
5418,Mary,Roy,XXXXXXXXX,XXXXXXXXX,6292 Wishing Branch Via,Marietta,GA,30066
5419,Jennifer,Smith,XXXXXXXXX,XXXXXXXXX,914 Round Pony Canyon,Caguas,PR,725
5420,Dylan,Hicks,XXXXXXXXX,XXXXXXXXX,7192 Jagged Loop,Muskegon,MI,49442
5421,Mary,Carlson,XXXXXXXXX,XXXXXXXXX,1548 Lazy Place,Caguas,PR,725
5422,Michael,Smith,XXXXXXXXX,XXXXXXXXX,3042 Rustic Line,Hollywood,FL,33024
5423,Ruth,Brown,XXXXXXXXX,XXXXXXXXX,7011 Burning Park,Caguas,PR,725
5424,Mary,Howard,XXXXXXXXX,XXXXXXXXX,9702 Shady Pond Village,Vista,CA,92083
5425,Mary,Aguirre,XXXXXXXXX,XXXXXXXXX,4311 Thunder Heath,Caguas,PR,725
5426,Mary,Smith,XXXXXXXXX,XXXXXXXXX,6296 Rocky Nectar Square,Antioch,CA,94509
5427,Betty,Lester,XXXXXXXXX,XXXXXXXXX,6473 Bright Expressway,Ann Arbor,MI,48103
5428,Mary,Smith,XXXXXXXXX,XXXXXXXXX,4702 Velvet Mountain Villas,La Crosse,WI,54601
5429,Betty,Villegas,XXXXXXXXX,XXXXXXXXX,3032 Dusty Loop,Jackson,MI,49201
5430,Emma,Smith,XXXXXXXXX,XXXXXXXXX,1296 High Dale Bend,Caguas,PR,725
5431,Judith,Peck,XXXXXXXXX,XXXXXXXXX,259 Green Link,Oceanside,CA,92054
5432,Denise,Smith,XXXXXXXXX,XXXXXXXXX,2659 High Treasure Village,Baltimore,MD,21229
5433,Mary,Flores,XXXXXXXXX,XXXXXXXXX,1952 Noble Ramp,Columbus,OH,43229
5434,Maria,Melendez,XXXXXXXXX,XXXXXXXXX,5964 Little Prairie Lookout,Caguas,PR,725
5435,Mary,Smith,XXXXXXXXX,XXXXXXXXX,475 Silver Highlands,Lawrenceville,GA,30044
5436,Mary,Jones,XXXXXXXXX,XXXXXXXXX,6150 Bright Treasure Path,Caguas,PR,725
5437,Austin,Estes,XXXXXXXXX,XXXXXXXXX,7173 Fallen Vista,San Pablo,CA,94806
5438,Mary,Smith,XXXXXXXXX,XXXXXXXXX,3593 Blue Brook Acres,Caguas,PR,725
5439,Samuel,Jones,XXXXXXXXX,XXXXXXXXX,2736 Little Port,Bronx,NY,10457
5440,Mary,Malone,XXXXXXXXX,XXXXXXXXX,4868 Tawny Park,Ontario,CA,91764
5441,Sharon,Smith,XXXXXXXXX,XXXXXXXXX,5382 Hazy Pathway,Caguas,PR,725
5442,Judy,Mccarthy,XXXXXXXXX,XXXXXXXXX,2197 Misty Island Grounds,Chicago,IL,60628
5443,Mary,Smith,XXXXXXXXX,XXXXXXXXX,7773 Merry Autoroute,Greeley,CO,80631
5444,Amy,Stevenson,XXXXXXXXX,XXXXXXXXX,503 Foggy Wagon  Place,Caguas,PR,725
5445,Alexander,Pugh,XXXXXXXXX,XXXXXXXXX,6340 Colonial Branch Park,Hilliard,OH,43026
5446,Mary,Smith,XXXXXXXXX,XXXXXXXXX,3240 Foggy Hickory Corner,Douglasville,GA,30135
5447,James,Watkins,XXXXXXXXX,XXXXXXXXX,2977 Emerald Swale,Caguas,PR,725
5448,Kelly,English,XXXXXXXXX,XXXXXXXXX,2828 Fallen Field,Miami,FL,33126
5449,Mary,Smith,XXXXXXXXX,XXXXXXXXX,8732 Harvest Dale Boulevard,Houston,TX,77055
5450,John,Harris,XXXXXXXXX,XXXXXXXXX,6296 Misty Goose Avenue,Caguas,PR,725
5451,Wayne,Torres,XXXXXXXXX,XXXXXXXXX,5782 Dewy Ridge,Chicago,IL,60632
5452,Mary,Olson,XXXXXXXXX,XXXXXXXXX,3872 Colonial Pioneer Estates,Santa Cruz,CA,95060
5453,Grace,English,XXXXXXXXX,XXXXXXXXX,726 Old Deer Carrefour,Caguas,PR,725
5454,Mary,Smith,XXXXXXXXX,XXXXXXXXX,7005 Silver Hills Line,Ogden,UT,84404
5455,Emily,Simmons,XXXXXXXXX,XXXXXXXXX,8434 Cinder Private,San Sebastian,PR,685
5456,Johnny,Smith,XXXXXXXXX,XXXXXXXXX,6332 Clear Square,Caguas,PR,725
5457,Mary,Conrad,XXXXXXXXX,XXXXXXXXX,5131 Hazy Dale Parade,Mesa,AZ,85204
5458,Harold,Smith,XXXXXXXXX,XXXXXXXXX,182 Cotton Sky Glen,Florissant,MO,63031
5459,Mary,Chambers,XXXXXXXXX,XXXXXXXXX,3313 Golden Ridge,Caguas,PR,725
5460,Lori,Smith,XXXXXXXXX,XXXXXXXXX,8101 Sleepy Run,Houston,TX,77093
5461,Mary,Daniels,XXXXXXXXX,XXXXXXXXX,1286 Little Stead,Caguas,PR,725
5462,James,Greene,XXXXXXXXX,XXXXXXXXX,7971 Wishing Corners,Brooklyn,NY,11211
5463,Mary,Schultz,XXXXXXXXX,XXXXXXXXX,2415 Misty Rise Dell,Fond Du Lac,WI,54935
5464,Peter,Smith,XXXXXXXXX,XXXXXXXXX,4291 Dewy Hickory Ramp,Caguas,PR,725
5465,Mary,Jones,XXXXXXXXX,XXXXXXXXX,7639 Pleasant Canyon,Alameda,CA,94501
5466,Carl,Torres,XXXXXXXXX,XXXXXXXXX,7370 Sunny Mountain,Caguas,PR,725
5467,Mary,Page,XXXXXXXXX,XXXXXXXXX,3884 Old Inlet,Apopka,FL,32703
5468,Katherine,Smith,XXXXXXXXX,XXXXXXXXX,7072 Thunder Apple Wood,Caguas,PR,725
5469,Mary,Bradley,XXXXXXXXX,XXXXXXXXX,5958 Emerald Nook,Far Rockaway,NY,11691
5470,Robert,Sawyer,XXXXXXXXX,XXXXXXXXX,3610 Cozy Acres,Caguas,PR,725
5471,Donald,Smith,XXXXXXXXX,XXXXXXXXX,4448 Bright Pike,Tempe,AZ,85281
5472,Joyce,Vance,XXXXXXXXX,XXXXXXXXX,3309 Silver Field,Brighton,MA,2135
5473,Randy,Smith,XXXXXXXXX,XXXXXXXXX,9183 Indian Pond Park,Caguas,PR,725
5474,Mary,Sanchez,XXXXXXXXX,XXXXXXXXX,29 Gentle Spring Mews,Fond Du Lac,WI,54935
5475,Debra,Smith,XXXXXXXXX,XXXXXXXXX,3282 Lost Gate,Caguas,PR,725
5476,Lauren,Phillips,XXXXXXXXX,XXXXXXXXX,3853 Middle Lagoon Downs,Aurora,CO,80010
5477,Mary,Smith,XXXXXXXXX,XXXXXXXXX,7017 Dewy Road,Caguas,PR,725
5478,Megan,Bailey,XXXXXXXXX,XXXXXXXXX,8620 Noble Farm,Temecula,CA,92592
5479,Mary,Smith,XXXXXXXXX,XXXXXXXXX,6998 Old Treasure Crossing,Columbia,SC,29223
5480,Matthew,Jones,XXXXXXXXX,XXXXXXXXX,7533 Thunder Wagon  Beach,Caguas,PR,725
5481,Mary,Hall,XXXXXXXXX,XXXXXXXXX,8340 Misty Anchor Private,Scottsdale,AZ,85254
5482,Anthony,Morrison,XXXXXXXXX,XXXXXXXXX,8533 Little Berry Diversion,Caguas,PR,725
5483,Mary,Smith,XXXXXXXXX,XXXXXXXXX,4924 Little Apple Ramp,Murfreesboro,TN,37130
5484,Stephanie,Clark,XXXXXXXXX,XXXXXXXXX,5566 Silver Route,Caguas,PR,725
5485,Kathy,Bishop,XXXXXXXXX,XXXXXXXXX,586 Indian Rise Grounds,Corona,CA,92879
5486,Mary,Smith,XXXXXXXXX,XXXXXXXXX,4896 Honey Wood,Caguas,PR,725
5487,Eugene,Rogers,XXXXXXXXX,XXXXXXXXX,7885 Broad Heights,Chicago,IL,60630
5488,Mary,Cisneros,XXXXXXXXX,XXXXXXXXX,9875 Emerald Berry Grounds,Ontario,CA,91764
5489,Teresa,Smith,XXXXXXXXX,XXXXXXXXX,541 Lost Willow Landing,Caguas,PR,725
5490,Mary,Richardson,XXXXXXXXX,XXXXXXXXX,9437 Emerald Butterfly Edge,Bronx,NY,10466
5491,Sharon,Smith,XXXXXXXXX,XXXXXXXXX,5143 Old Walk,Caguas,PR,725
5492,Frank,Delgado,XXXXXXXXX,XXXXXXXXX,4174 Dewy Pioneer Court,Bronx,NY,10467
5493,Mary,Cochran,XXXXXXXXX,XXXXXXXXX,9332 Lazy Crescent,Jersey City,NJ,7305
5494,Rose,Smith,XXXXXXXXX,XXXXXXXXX,7596 Emerald Common,Oceanside,CA,92056
5495,Mary,Flores,XXXXXXXXX,XXXXXXXXX,7627 Dusty Hills Lane,Caguas,PR,725
5496,Kevin,Acosta,XXXXXXXXX,XXXXXXXXX,3352 Harvest Zephyr Terrace,Kent,WA,98031
5497,Katherine,Skinner,XXXXXXXXX,XXXXXXXXX,454 Cozy Bluff Hill,San Diego,CA,92115
5498,Mary,Smith,XXXXXXXXX,XXXXXXXXX,7368 Colonial Range,Caguas,PR,725
5499,Karen,Santiago,XXXXXXXXX,XXXXXXXXX,6165 Lazy Plaza,Paramount,CA,90723
5500,Diane,Smith,XXXXXXXXX,XXXXXXXXX,1995 Little Brook Thicket,West Jordan,UT,84084
5501,Samuel,White,XXXXXXXXX,XXXXXXXXX,3323 Rocky Robin Pointe,Caguas,PR,725
5502,Mary,Fritz,XXXXXXXXX,XXXXXXXXX,2867 Iron Avenue,Brooklyn,NY,11226
5503,Tiffany,Smith,XXXXXXXXX,XXXXXXXXX,4204 Iron Hollow,Escondido,CA,92025
5504,Mary,Brown,XXXXXXXXX,XXXXXXXXX,8495 Lazy Rabbit Diversion,Caguas,PR,725
5505,Joseph,Matthews,XXXXXXXXX,XXXXXXXXX,3046 Broad Sky Dale,North Tonawanda,NY,14120
5506,Gregory,Smith,XXXXXXXXX,XXXXXXXXX,1122 Old Fox Lookout,Caguas,PR,725
5507,Carl,Thomas,XXXXXXXXX,XXXXXXXXX,8478 Gentle View Dell,Chambersburg,PA,17201
5508,Mary,Marquez,XXXXXXXXX,XXXXXXXXX,7763 Round Walk,Caguas,PR,725
5509,Diana,Smith,XXXXXXXXX,XXXXXXXXX,4463 Dewy Bear Point,Decatur,GA,30034
5510,Mary,Bush,XXXXXXXXX,XXXXXXXXX,4909 Noble Road,Caguas,PR,725
5511,Linda,Smith,XXXXXXXXX,XXXXXXXXX,9667 Cinder Bend,Detroit,MI,48205
5512,Timothy,Mccormick,XXXXXXXXX,XXXXXXXXX,4606 Tawny Autoroute,Endicott,NY,13760
5513,Mary,Smith,XXXXXXXXX,XXXXXXXXX,8473 Amber Bluff Manor,Caguas,PR,725
5514,Linda,Collins,XXXXXXXXX,XXXXXXXXX,8675 Quaking Nook,Des Plaines,IL,60016
5515,Mary,Smith,XXXXXXXXX,XXXXXXXXX,5668 Thunder Wagon  Alley,Cincinnati,OH,45238
5516,Marilyn,Woods,XXXXXXXXX,XXXXXXXXX,2457 Quiet Autumn Highway,Caguas,PR,725
5517,Mary,Wagner,XXXXXXXXX,XXXXXXXXX,7107 Old Highlands,Bloomfield,NJ,7003
5518,Patricia,Smith,XXXXXXXXX,XXXXXXXXX,5717 Quiet Dell,Princeton,NJ,8540
5519,Deborah,Archer,XXXXXXXXX,XXXXXXXXX,9139 Thunder Forest Point,Caguas,PR,725
5520,Virginia,Smith,XXXXXXXXX,XXXXXXXXX,7441 Cozy Autumn Trace,Bellflower,CA,90706
5521,Mary,Williamson,XXXXXXXXX,XXXXXXXXX,1972 Burning Extension,West Chester,PA,19380
5522,Rebecca,Smith,XXXXXXXXX,XXXXXXXXX,3663 Misty Pioneer Arbor,Caguas,PR,725
5523,Mary,Krueger,XXXXXXXXX,XXXXXXXXX,7802 Foggy Robin Link,Brooklyn,NY,11203
5524,Mark,Gamble,XXXXXXXXX,XXXXXXXXX,2690 Blue Cloud By-pass,Brooklyn,NY,11206
5525,Kevin,Smith,XXXXXXXXX,XXXXXXXXX,8990 Blue Blossom Nook,Knoxville,TN,37922
5526,Mary,Reid,XXXXXXXXX,XXXXXXXXX,8022 Iron Turnabout,Caguas,PR,725
5527,Joshua,Smith,XXXXXXXXX,XXXXXXXXX,9657 Broad Creek By-pass,Sacramento,CA,95823
5528,Nathan,Kent,XXXXXXXXX,XXXXXXXXX,164 Dewy Nook,Fresno,CA,93722
5529,Mary,Smith,XXXXXXXXX,XXXXXXXXX,1465 Clear Elk Diversion,Hilliard,OH,43026
5530,Donald,Anderson,XXXXXXXXX,XXXXXXXXX,5803 Silver Plaza,Caguas,PR,725
5531,Philip,Bowman,XXXXXXXXX,XXXXXXXXX,2329 Blue Anchor Concession,Chicago,IL,60634
5532,Mary,Smith,XXXXXXXXX,XXXXXXXXX,4905 Broad Ledge,Rowland Heights,CA,91748
5533,Mary,Harrison,XXXXXXXXX,XXXXXXXXX,852 Rocky Brook Mountain,Caguas,PR,725
5534,Elizabeth,Smith,XXXXXXXXX,XXXXXXXXX,1078 Misty Blossom Meadow,South El Monte,CA,91733
5535,Andrea,Cowan,XXXXXXXXX,XXXXXXXXX,7812 Colonial Impasse,Caguas,PR,725
5536,Mary,Smith,XXXXXXXXX,XXXXXXXXX,7596 Quaking Quay,Alhambra,CA,91801
5537,James,Bryan,XXXXXXXXX,XXXXXXXXX,9753 Little Willow Estates,Caguas,PR,725
5538,Lisa,Smith,XXXXXXXXX,XXXXXXXXX,7740 Dusty Berry Quay,Livermore,CA,94550
5539,Mary,Lopez,XXXXXXXXX,XXXXXXXXX,2659 Jagged Rabbit View,Ontario,CA,91764
5540,Deborah,Smith,XXXXXXXXX,XXXXXXXXX,2659 High Treasure Village,Caguas,PR,725
5541,Johnny,Clements,XXXXXXXXX,XXXXXXXXX,6481 Silver Log Glen,Houston,TX,77015
5542,Mary,Smith,XXXXXXXXX,XXXXXXXXX,7573 Sunny Pond Island,Caguas,PR,725
5543,Patricia,Perez,XXXXXXXXX,XXXXXXXXX,6370 Easy Crest,Far Rockaway,NY,11691
5544,Mary,Welch,XXXXXXXXX,XXXXXXXXX,2122 Rustic Link,Tustin,CA,92780
5545,David,Walton,XXXXXXXXX,XXXXXXXXX,4868 High Diversion,Opelousas,LA,70570
5546,Jeremy,Smith,XXXXXXXXX,XXXXXXXXX,6447 Easy Close,Caguas,PR,725
5547,Mary,Perry,XXXXXXXXX,XXXXXXXXX,3782 Shady Oak Point,Bountiful,UT,84010
5548,Michael,Crawford,XXXXXXXXX,XXXXXXXXX,4945 Velvet Prairie Village,Caguas,PR,725
5549,Kathryn,Smith,XXXXXXXXX,XXXXXXXXX,1336 Golden Autoroute,Brooklyn,NY,11236
5550,Mary,Lee,XXXXXXXXX,XXXXXXXXX,6523 Gentle Prairie Lookout,Weslaco,TX,78596
5551,Diane,Lambert,XXXXXXXXX,XXXXXXXXX,7828 Golden Mountain Woods,Caguas,PR,725
5552,Mary,Smith,XXXXXXXXX,XXXXXXXXX,8314 Crystal Rise Townline,Reynoldsburg,OH,43068
5553,Patricia,Lewis,XXXXXXXXX,XXXXXXXXX,4804 Quiet Hickory Woods,Caguas,PR,725
5554,Hannah,Ferguson,XXXXXXXXX,XXXXXXXXX,9217 Quiet Acres,Rio Rancho,NM,87124
5555,Mary,Smith,XXXXXXXXX,XXXXXXXXX,610 Pleasant Shadow Heights,Joliet,IL,60435
5556,Richard,Burns,XXXXXXXXX,XXXXXXXXX,2406 Merry Horse Isle,Caguas,PR,725
5557,Ann,Smith,XXXXXXXXX,XXXXXXXXX,2792 Stony Range,Lake Forest,CA,92630
5558,Mary,Randall,XXXXXXXXX,XXXXXXXXX,8261 Lazy Lookout,Kaneohe,HI,96744
5559,Alice,Smith,XXXXXXXXX,XXXXXXXXX,2036 High Creek Nook,Crystal Lake,IL,60014
5560,Mary,Rodriguez,XXXXXXXXX,XXXXXXXXX,4687 Stony Goose Crossing,Caguas,PR,725
5561,Jerry,Garner,XXXXXXXXX,XXXXXXXXX,9195 Crystal Maze,Martinsburg,WV,25401
5562,Mary,Smith,XXXXXXXXX,XXXXXXXXX,1384 Hazy Cloud Village,Caguas,PR,725
5563,Paul,Trevino,XXXXXXXXX,XXXXXXXXX,5667 Quaking Bear Bay,West Chester,PA,19380
5564,Mary,Smith,XXXXXXXXX,XXXXXXXXX,3282 Silent Autoroute,Caguas,PR,725
5565,Laura,Orr,XXXXXXXXX,XXXXXXXXX,4920 Gentle Autoroute,Carolina,PR,985
5566,Theresa,Smith,XXXXXXXXX,XXXXXXXXX,4079 Emerald Canyon,Caguas,PR,725
5567,Mary,Garza,XXXXXXXXX,XXXXXXXXX,1850 Honey Centre,New York,NY,10031
5568,Eric,Smith,XXXXXXXXX,XXXXXXXXX,7929 Red Island Bay,Caguas,PR,725
5569,Katherine,Austin,XXXXXXXXX,XXXXXXXXX,6940 Easy Brook Extension,Davis,CA,95616
5570,Mary,Smith,XXXXXXXXX,XXXXXXXXX,852 Hazy Gate Circuit,Mission Viejo,CA,92691
5571,David,Murphy,XXXXXXXXX,XXXXXXXXX,112 Dewy Apple Plaza,Caguas,PR,725
5572,Richard,Smith,XXXXXXXXX,XXXXXXXXX,5284 Emerald Abbey,San Jose,CA,95127
5573,Jordan,Ortiz,XXXXXXXXX,XXXXXXXXX,92 Green Woods,Cleveland,OH,44105
5574,Mary,Castillo,XXXXXXXXX,XXXXXXXXX,1173 Thunder Circle,Caguas,PR,725
5575,Richard,Smith,XXXXXXXXX,XXXXXXXXX,7855 Golden Lake Limits,Elk Grove,CA,95758
5576,Alice,Meyer,XXXXXXXXX,XXXXXXXXX,4970 Silent River Parade,Caguas,PR,725
5577,Mary,Smith,XXXXXXXXX,XXXXXXXXX,454 Cozy Bluff Hill,Modesto,CA,95350
5578,Sarah,Becker,XXXXXXXXX,XXXXXXXXX,4498 Little Isle,Caguas,PR,725
5579,Mary,Hurley,XXXXXXXXX,XXXXXXXXX,6396 Blue Gate Parkway,Elgin,IL,60123
5580,Kathryn,Smith,XXXXXXXXX,XXXXXXXXX,1490 Amber Forest Forest,Moreno Valley,CA,92557
5581,Mary,Miller,XXXXXXXXX,XXXXXXXXX,9937 Round Panda Hill,Caguas,PR,725
5582,Gloria,Larson,XXXXXXXXX,XXXXXXXXX,252 Honey Embers Canyon,Chicago,IL,60616
5583,Mary,Skinner,XXXXXXXXX,XXXXXXXXX,2991 Iron Impasse,Caguas,PR,725
5584,Ruth,Smith,XXXXXXXXX,XXXXXXXXX,8297 Easy Thicket,New York,NY,10021
5585,Mary,Wilson,XXXXXXXXX,XXXXXXXXX,6115 Lazy Embers Meadow,Moreno Valley,CA,92553
5586,Catherine,Smith,XXXXXXXXX,XXXXXXXXX,1056 Cotton Run,Caguas,PR,725
5587,Brandon,Williams,XXXXXXXXX,XXXXXXXXX,8623 Shady Subdivision,Bayamon,PR,956
5588,Jane,Hopkins,XXXXXXXXX,XXXXXXXXX,2877 Thunder Spring Isle,Santa Ana,CA,92707
5589,Mary,Smith,XXXXXXXXX,XXXXXXXXX,7628 Foggy Brook Passage,Loveland,OH,45140
5590,Frank,Williams,XXXXXXXXX,XXXXXXXXX,2275 Old Grove Heights,Caguas,PR,725
5591,Emma,Schwartz,XXXXXXXXX,XXXXXXXXX,5474 Rustic Rabbit Trail,Hollywood,FL,33025
5592,Mary,Bush,XXXXXXXXX,XXXXXXXXX,6876 Grand Park,Caguas,PR,725
5593,Jacqueline,Smith,XXXXXXXXX,XXXXXXXXX,6040 Sleepy Plaza,Washington,DC,20002
5594,Mary,Davidson,XXXXXXXXX,XXXXXXXXX,7190 Silver Horse Glade,Caguas,PR,725
5595,Samuel,Santos,XXXXXXXXX,XXXXXXXXX,8733 Sunny Woods,Spring Valley,CA,91977
5596,Mary,Smith,XXXXXXXXX,XXXXXXXXX,1439 Silent Pathway,Caguas,PR,725
5597,Robert,Irwin,XXXXXXXXX,XXXXXXXXX,2071 Noble Lagoon Farms,Olathe,KS,66062
5598,Sharon,Smith,XXXXXXXXX,XXXXXXXXX,760 Sleepy Key,Houston,TX,77093
5599,Mary,Galvan,XXXXXXXXX,XXXXXXXXX,9768 Indian Lake Pathway,Levittown,NY,11756
5600,Helen,Smith,XXXXXXXXX,XXXXXXXXX,2736 Blue Crest,Caguas,PR,725
5601,Deborah,Roberts,XXXXXXXXX,XXXXXXXXX,6460 Amber Dell,Sacramento,CA,95828
5602,Mary,Parrish,XXXXXXXXX,XXXXXXXXX,1795 Fallen Corners,Caguas,PR,725
5603,David,Smith,XXXXXXXXX,XXXXXXXXX,588 Rocky Quail Round,Charlotte,NC,28205
5604,Frances,Randall,XXXXXXXXX,XXXXXXXXX,1185 High View By-pass,Highland Park,MI,48203
5605,Mary,Smith,XXXXXXXXX,XXXXXXXXX,1533 Sleepy Cider Acres,Caguas,PR,725
5606,Teresa,White,XXXXXXXXX,XXXXXXXXX,4251 Iron Robin Falls,New York,NY,10011
5607,Mary,Heath,XXXXXXXXX,XXXXXXXXX,681 Tawny Range,Caguas,PR,725
5608,James,Smith,XXXXXXXXX,XXXXXXXXX,6499 Indian Run,New York,NY,10031
5609,Michael,Bailey,XXXXXXXXX,XXXXXXXXX,7106 Emerald Pony Mountain,Morristown,NJ,7960
5610,Mary,Wheeler,XXXXXXXXX,XXXXXXXXX,4021 Cozy Bluff Boulevard,Caguas,PR,725
5611,Michael,Williamson,XXXXXXXXX,XXXXXXXXX,5008 Merry Highlands,Virginia Beach,VA,23452
5612,Mary,Huang,XXXXXXXXX,XXXXXXXXX,7417 Honey Mountain Lookout,Caguas,PR,725
5613,Michael,Smith,XXXXXXXXX,XXXXXXXXX,8342 Green Orchard,Chicago,IL,60632
5614,Carolyn,Adams,XXXXXXXXX,XXXXXXXXX,6460 Amber Dell,Aurora,IL,60506
5615,Albert,Smith,XXXXXXXXX,XXXXXXXXX,65 Stony Concession,Caguas,PR,725
5616,Mary,Dudley,XXXXXXXXX,XXXXXXXXX,5486 Jagged Lake Avenue,Oxnard,CA,93030
5617,Barbara,Smith,XXXXXXXXX,XXXXXXXXX,3829 Gentle Beacon Meadow,Huntington Station,NY,11746
5618,Victoria,Morales,XXXXXXXXX,XXXXXXXXX,2232 Broad Cove,Caguas,PR,725
5619,Mary,Smith,XXXXXXXXX,XXXXXXXXX,6077 Golden Gate Road,Potomac,MD,20854
5620,Randy,Watts,XXXXXXXXX,XXXXXXXXX,1966 Easy Trace,Caguas,PR,725
5621,Mary,Smith,XXXXXXXXX,XXXXXXXXX,4485 Hidden Timber Alley,Virginia Beach,VA,23452
5622,Ronald,Hall,XXXXXXXXX,XXXXXXXXX,3698 Sleepy Park,Caguas,PR,725
5623,Jose,Haley,XXXXXXXXX,XXXXXXXXX,1832 Dusty Oak Harbour,Columbus,OH,43207
5624,Mary,Mata,XXXXXXXXX,XXXXXXXXX,7353 Round Spring Chase,Caguas,PR,725
5625,Thomas,Smith,XXXXXXXXX,XXXXXXXXX,6876 Grand Park,Goleta,CA,93117
5626,Frank,Morgan,XXXXXXXXX,XXXXXXXXX,7274 Harvest Ledge,Caguas,PR,725
5627,Judith,Ferguson,XXXXXXXXX,XXXXXXXXX,8279 Shady Apple Farms,Jacksonville,FL,32225
5628,Zachary,Holt,XXXXXXXXX,XXXXXXXXX,4761 Amber Rabbit Path,Caguas,PR,725
5629,Mary,Carey,XXXXXXXXX,XXXXXXXXX,5213 Noble Bluff Grounds,Glendale,AZ,85301
5630,Raymond,Smith,XXXXXXXXX,XXXXXXXXX,733 Thunder Log Bend,Caguas,PR,725
5631,Gloria,Goodman,XXXXXXXXX,XXXXXXXXX,3971 Bright Glen,Los Angeles,CA,90066
5632,Douglas,Mcbride,XXXXXXXXX,XXXXXXXXX,8659 Foggy Deer Port,Union,NJ,7083
5633,Mary,Smith,XXXXXXXXX,XXXXXXXXX,8811 Rustic Butterfly Byway,Caguas,PR,725
5634,Carl,Sullivan,XXXXXXXXX,XXXXXXXXX,772 Emerald Embers Square,Lynn,MA,1902
5635,Mary,Chavez,XXXXXXXXX,XXXXXXXXX,5918 Easy Mountain Beach,Caguas,PR,725
5636,Hannah,Smith,XXXXXXXXX,XXXXXXXXX,6339 Honey Pathway,Columbus,GA,31907
5637,Mary,Wong,XXXXXXXXX,XXXXXXXXX,6449 Harvest Apple Freeway,New Orleans,LA,70117
5638,Tyler,Smith,XXXXXXXXX,XXXXXXXXX,1171 Crystal Butterfly Inlet,Caguas,PR,725
5639,Mary,Foster,XXXXXXXXX,XXXXXXXXX,9394 Umber Abbey,Tampa,FL,33624
5640,Matthew,Smith,XXXXXXXXX,XXXXXXXXX,1121 Amber Abbey,Cumberland,MD,21502
5641,Eric,Cohen,XXXXXXXXX,XXXXXXXXX,1399 Dewy Expressway,Caguas,PR,725
5642,Mary,Smith,XXXXXXXXX,XXXXXXXXX,4506 Golden Branch End,Columbia,TN,38401
5643,Tiffany,Caldwell,XXXXXXXXX,XXXXXXXXX,3632 Fallen Pioneer Isle,Silver Spring,MD,20904
5644,Carl,Horn,XXXXXXXXX,XXXXXXXXX,143 Clear Pony Byway,Caguas,PR,725
5645,Mary,Villegas,XXXXXXXXX,XXXXXXXXX,7377 Jagged Nook,Oxnard,CA,93033
5646,Christine,Smith,XXXXXXXXX,XXXXXXXXX,7940 Noble Field,Jamaica,NY,11435
5647,Mary,Phelps,XXXXXXXXX,XXXXXXXXX,3649 Fallen Street,Caguas,PR,725
5648,Joshua,Smith,XXXXXXXXX,XXXXXXXXX,864 Iron Spring Stead,Memphis,TN,38111
5649,Mary,Nguyen,XXXXXXXXX,XXXXXXXXX,6523 Middle Leaf Range,Caguas,PR,725
5650,Joseph,Hutchinson,XXXXXXXXX,XXXXXXXXX,8263 Rustic Common,Brooklyn,NY,11230
5651,Michelle,Smith,XXXXXXXXX,XXXXXXXXX,3874 Cotton Heath,West Chester,PA,19380
5652,Mary,Garcia,XXXXXXXXX,XXXXXXXXX,9986 Misty Pathway,Bend,OR,97701
5653,Jean,Schultz,XXXXXXXXX,XXXXXXXXX,100 Pleasant Rabbit Hill,Lancaster,SC,29720
5654,Jerry,Smith,XXXXXXXXX,XXXXXXXXX,9293 Hidden Vista,Caguas,PR,725
5655,Mary,Bryant,XXXXXXXXX,XXXXXXXXX,3244 Misty Leaf Inlet,Los Angeles,CA,90027
5656,Marilyn,Smith,XXXXXXXXX,XXXXXXXXX,8187 Velvet End,Caguas,PR,725
5657,Mary,James,XXXXXXXXX,XXXXXXXXX,1389 Dusty Circuit,Lakewood,OH,44107
5658,Michael,Wiley,XXXXXXXXX,XXXXXXXXX,7678 Lazy Farms,Harlingen,TX,78550
5659,Betty,Smith,XXXXXXXXX,XXXXXXXXX,2232 Broad Cove,Sheboygan,WI,53081
5660,Mary,Maldonado,XXXXXXXXX,XXXXXXXXX,8984 Dewy Arbor,Caguas,PR,725
5661,Christopher,Smith,XXXXXXXXX,XXXXXXXXX,3570 Stony View,Indio,CA,92201
5662,Mary,Figueroa,XXXXXXXXX,XXXXXXXXX,9030 Clear Glade,Scottsdale,AZ,85254
5663,Jennifer,Smith,XXXXXXXXX,XXXXXXXXX,3580 Sleepy Quail Crest,Caguas,PR,725
5664,Teresa,Allen,XXXXXXXXX,XXXXXXXXX,9084 Noble Horse Crescent,South Gate,CA,90280
5665,Mary,Smith,XXXXXXXXX,XXXXXXXXX,4868 Wishing Port,Virginia Beach,VA,23455
5666,Katherine,Martin,XXXXXXXXX,XXXXXXXXX,4377 Heather Canyon,Caguas,PR,725
5667,Mary,Smith,XXXXXXXXX,XXXXXXXXX,5717 Harvest Front,Ewa Beach,HI,96706
5668,Christina,Hawkins,XXXXXXXXX,XXXXXXXXX,9922 Umber Promenade,Caguas,PR,725
5669,Mary,Smith,XXXXXXXXX,XXXXXXXXX,5759 Little Timber By-pass,Cerritos,CA,90703
5670,Rachel,Bailey,XXXXXXXXX,XXXXXXXXX,7775 Sleepy Farm,Caguas,PR,725
5671,Jacqueline,Lam,XXXXXXXXX,XXXXXXXXX,1507 Hazy Elk Path,Philadelphia,PA,19120
5672,Mary,Smith,XXXXXXXXX,XXXXXXXXX,3663 Umber Cloud Arbor,Chandler,AZ,85225
5673,Jean,Dunn,XXXXXXXXX,XXXXXXXXX,8837 Blue Hills Harbour,Roswell,NM,88201
5674,Ethan,Cross,XXXXXXXXX,XXXXXXXXX,9133 Cotton Robin Vale,Ewa Beach,HI,96706
5675,Mary,Juarez,XXXXXXXXX,XXXXXXXXX,7282 Wishing Log Boulevard,Caguas,PR,725
5676,William,Smith,XXXXXXXXX,XXXXXXXXX,7096 Hidden Parade,Chicago,IL,60643
5677,Paul,Mccullough,XXXXXXXXX,XXXXXXXXX,2503 Easy Path,Caguas,PR,725
5678,Nathan,Smith,XXXXXXXXX,XXXXXXXXX,4900 Crystal Fawn Isle,Palmdale,CA,93550
5679,Mary,Rodriguez,XXXXXXXXX,XXXXXXXXX,3702 Burning Passage,Plymouth,MA,2360
5680,Laura,Young,XXXXXXXXX,XXXXXXXXX,3567 Misty Circle,Pomona,CA,91767
5681,Heather,Green,XXXXXXXXX,XXXXXXXXX,8528 Silent Crossing,Caguas,PR,725
5682,Mary,Proctor,XXXXXXXXX,XXXXXXXXX,9601 Jagged River Bay,Redmond,WA,98052
5683,Rachel,Smith,XXXXXXXXX,XXXXXXXXX,5926 Grand Pony Farms,Cleveland,OH,44118
5684,Mary,Harmon,XXXXXXXXX,XXXXXXXXX,68 Colonial Rabbit Thicket,Caguas,PR,725
5685,Joshua,Smith,XXXXXXXXX,XXXXXXXXX,1674 Amber Loop,Brooklyn,NY,11218
5686,Mary,James,XXXXXXXXX,XXXXXXXXX,771 Misty Alley,Rochester,NY,14609
5687,Mary,Chapman,XXXXXXXXX,XXXXXXXXX,1430 Easy Spring Key,Fort Lauderdale,FL,33324
5688,Robert,Smith,XXXXXXXXX,XXXXXXXXX,586 Golden Hickory Valley,Caguas,PR,725
5689,Thomas,Ramsey,XXXXXXXXX,XXXXXXXXX,9725 Cotton Forest,El Cajon,CA,92020
5690,Mary,Smith,XXXXXXXXX,XXXXXXXXX,5950 Misty Branch Dale,Caguas,PR,725
5691,James,Brown,XXXXXXXXX,XXXXXXXXX,3444 Quiet Bluff Farm,Humacao,PR,791
5692,Shirley,Harvey,XXXXXXXXX,XXXXXXXXX,8808 Quaking Front,Caguas,PR,725
5693,Amber,Smith,XXXXXXXXX,XXXXXXXXX,3688 Colonial Pioneer Landing,Lockport,IL,60441
5694,Mary,Potter,XXXXXXXXX,XXXXXXXXX,555 Honey Pond Inlet,Cary,NC,27511
5695,Jeffrey,Smith,XXXXXXXXX,XXXXXXXXX,3931 Gentle Ramp,Caguas,PR,725
5696,Mary,Rogers,XXXXXXXXX,XXXXXXXXX,6084 Noble Panda Landing,Philadelphia,PA,19131
5697,Doris,Shields,XXXXXXXXX,XXXXXXXXX,2743 Velvet Timber Carrefour,Caguas,PR,725
5698,Mary,Smith,XXXXXXXXX,XXXXXXXXX,8025 Velvet River Round,Fremont,CA,94536
5699,Mildred,Murphy,XXXXXXXXX,XXXXXXXXX,2901 Easy Pond Arbor,Sunnyvale,CA,94087
5700,Mary,Simmons,XXXXXXXXX,XXXXXXXXX,6553 Stony Goose Drive,Sacramento,CA,95822
5701,Mary,Smith,XXXXXXXXX,XXXXXXXXX,629 Grand Inlet,Caguas,PR,725
5702,Karen,Johnson,XXXXXXXXX,XXXXXXXXX,9203 Dusty Vista,Tucson,AZ,85705
5703,Mary,Chang,XXXXXXXXX,XXXXXXXXX,2757 Tawny View Swale,Caguas,PR,725
5704,Matthew,Smith,XXXXXXXXX,XXXXXXXXX,6587 Stony Nectar Pointe,Medford,MA,2155
5705,Joyce,Frazier,XXXXXXXXX,XXXXXXXXX,2578 High Lagoon Crescent,Brandon,FL,33511
5706,Mary,Chan,XXXXXXXXX,XXXXXXXXX,3068 Grand Brook Drive,Caguas,PR,725
5707,Kathy,Sampson,XXXXXXXXX,XXXXXXXXX,2056 Misty Grove Rise,Hamilton,OH,45011
5708,Mary,Smith,XXXXXXXXX,XXXXXXXXX,3095 Silver Lake Manor,Los Angeles,CA,90032
5709,Shirley,Johnson,XXXXXXXXX,XXXXXXXXX,6887 Clear Fawn Byway,Strongsville,OH,44136
5710,Mary,Garcia,XXXXXXXXX,XXXXXXXXX,8382 Stony Pond Crescent,Caguas,PR,725
5711,Nicholas,Patterson,XXXXXXXXX,XXXXXXXXX,4365 Dusty Thicket,Chambersburg,PA,17201
5712,Mary,Smith,XXXXXXXXX,XXXXXXXXX,5919 Hidden Anchor Port,Chandler,AZ,85224
5713,Michael,Pope,XXXXXXXXX,XXXXXXXXX,3775 Bright Harbour,Caguas,PR,725
5714,Christopher,Meza,XXXXXXXXX,XXXXXXXXX,9992 Easy Front,Los Angeles,CA,90007
5715,Kelly,Smith,XXXXXXXXX,XXXXXXXXX,9623 Stony Bay,Caguas,PR,725
5716,Mary,Hawkins,XXXXXXXXX,XXXXXXXXX,6415 Stony Route,Longview,WA,98632
5717,Robert,Andrews,XXXXXXXXX,XXXXXXXXX,5261 Amber Avenue,Bakersfield,CA,93308
5718,Philip,Nixon,XXXXXXXXX,XXXXXXXXX,9456 Dewy Gate,Caguas,PR,725
5719,Mary,Smith,XXXXXXXXX,XXXXXXXXX,5736 Honey Downs,Virginia Beach,VA,23455
5720,Peter,Cooper,XXXXXXXXX,XXXXXXXXX,4466 Little Grove,Caguas,PR,725
5721,Roger,Conner,XXXXXXXXX,XXXXXXXXX,8005 Crystal Wood,Westland,MI,48185
5722,Mary,Smith,XXXXXXXXX,XXXXXXXXX,3032 Stony Front,Caguas,PR,725
5723,Samantha,Howard,XXXXXXXXX,XXXXXXXXX,3908 Gentle End,Enfield,CT,6082
5724,Christian,Doyle,XXXXXXXXX,XXXXXXXXX,7762 Rocky Carrefour,Caguas,PR,725
5725,Mary,Smith,XXXXXXXXX,XXXXXXXXX,3882 Golden Maze,Brooklyn,NY,11219
5726,Terry,Hartman,XXXXXXXXX,XXXXXXXXX,1134 Sunny Willow Round,North Hills,CA,91343
5727,Mary,Smith,XXXXXXXXX,XXXXXXXXX,8477 Middle Court,Cleveland,OH,44102
5728,Sarah,Montoya,XXXXXXXXX,XXXXXXXXX,8736 Merry Extension,Caguas,PR,725
5729,Louis,Smith,XXXXXXXXX,XXXXXXXXX,6449 Harvest Apple Freeway,Mission,TX,78572
5730,Mary,Ashley,XXXXXXXXX,XXXXXXXXX,9792 Misty Trace,Doylestown,PA,18901
5731,Jennifer,Smith,XXXXXXXXX,XXXXXXXXX,6704 Misty Rabbit Autoroute,Caguas,PR,725
5732,Jacob,Perry,XXXXXXXXX,XXXXXXXXX,3235 Quiet Arbor,Frankfort,KY,40601
5733,Randy,Fisher,XXXXXXXXX,XXXXXXXXX,1513 Sunny Plaza,Caguas,PR,725
5734,Mary,Stanley,XXXXXXXXX,XXXXXXXXX,4880 Colonial Grounds,Fort Lauderdale,FL,33312
5735,Ashley,Aguirre,XXXXXXXXX,XXXXXXXXX,3722 Green Alley,Caguas,PR,725
5736,Mary,Smith,XXXXXXXXX,XXXXXXXXX,8414 Velvet Island Ramp,Los Angeles,CA,90065
5737,Brenda,Miller,XXXXXXXXX,XXXXXXXXX,6651 Iron Port,Caguas,PR,725
5738,Mildred,Taylor,XXXXXXXXX,XXXXXXXXX,923 Bright Forest Trail,Baltimore,MD,21229
5739,Mary,Palmer,XXXXXXXXX,XXXXXXXXX,1828 Iron Goose Mount,East Lansing,MI,48823
5740,Lawrence,Smith,XXXXXXXXX,XXXXXXXXX,623 Shady Freeway,Caguas,PR,725
5741,Mary,Spencer,XXXXXXXXX,XXXXXXXXX,805 Amber Hills Crossing,Los Angeles,CA,90023
5742,Laura,Smith,XXXXXXXXX,XXXXXXXXX,1338 Indian Prairie Extension,Bend,OR,97701
5743,Mary,Ball,XXXXXXXXX,XXXXXXXXX,119 Gentle Wynd,Caguas,PR,725
5744,Walter,Smith,XXXXXXXXX,XXXXXXXXX,6306 Broad Rise Acres,Corona,NY,11368
5745,Mary,Rodriguez,XXXXXXXXX,XXXXXXXXX,3691 Gentle Way,Ridgewood,NY,11385
5746,Julie,Anderson,XXXXXXXXX,XXXXXXXXX,4705 Easy Pathway,Yonkers,NY,10701
5747,Mary,Morrison,XXXXXXXXX,XXXXXXXXX,5477 Velvet Falls,San Benito,TX,78586
5748,Shawn,Mann,XXXXXXXXX,XXXXXXXXX,8977 Round Hickory Ledge,Caguas,PR,725
5749,Mary,Smith,XXXXXXXXX,XXXXXXXXX,6058 Fallen Walk,Houston,TX,77084
5750,Willie,Brown,XXXXXXXXX,XXXXXXXXX,5226 Dusty Wagon  Towers,Webster,NY,14580
5751,Mary,Pierce,XXXXXXXXX,XXXXXXXXX,9702 Cotton Treasure Dale,Caguas,PR,725
5752,Barbara,Smith,XXXXXXXXX,XXXXXXXXX,5271 Quaking Deer Bend,Albuquerque,NM,87120
5753,Mary,Arellano,XXXXXXXXX,XXXXXXXXX,65 Middle Farms,Caguas,PR,725
5754,Carol,Smith,XXXXXXXXX,XXXXXXXXX,5876 Fallen Willow Court,San Antonio,TX,78250
5755,Marie,Shah,XXXXXXXXX,XXXXXXXXX,7339 Cozy Ledge,Chicago,IL,60643
5756,Mary,Osborn,XXXXXXXXX,XXXXXXXXX,7787 Lazy Corners,Charlotte,NC,28205
5757,Zachary,Smith,XXXXXXXXX,XXXXXXXXX,1984 Misty Rabbit Boulevard,Caguas,PR,725
5758,Jordan,Johnson,XXXXXXXXX,XXXXXXXXX,6473 Bright Expressway,Huntington Beach,CA,92647
5759,Mary,Brown,XXXXXXXXX,XXXXXXXXX,8187 Sleepy Beacon Gardens,Caguas,PR,725
5760,Larry,Beltran,XXXXXXXXX,XXXXXXXXX,4968 Colonial Forest Round,Pompano Beach,FL,33068
5761,Mary,Smith,XXXXXXXXX,XXXXXXXXX,7651 Honey Passage,Caguas,PR,725
5762,Crystal,Foster,XXXXXXXXX,XXXXXXXXX,5477 Velvet Falls,Trujillo Alto,PR,976
5763,Mary,Smith,XXXXXXXXX,XXXXXXXXX,2757 Tawny View Swale,Clovis,CA,93611
5764,William,Weiss,XXXXXXXXX,XXXXXXXXX,6412 Noble River Private,Caguas,PR,725
5765,Maria,Smith,XXXXXXXXX,XXXXXXXXX,2983 Stony Townline,Painesville,OH,44077
5766,Mary,Melton,XXXXXXXXX,XXXXXXXXX,1111 Cotton Vista,Caguas,PR,725
5767,John,Smith,XXXXXXXXX,XXXXXXXXX,3422 Jagged Willow Way,Los Angeles,CA,90046
5768,Sandra,Byrd,XXXXXXXXX,XXXXXXXXX,5452 Broad Mall ,Caguas,PR,725
5769,Frank,Smith,XXXXXXXXX,XXXXXXXXX,5192 Misty Anchor Port,Mcallen,TX,78501
5770,Brandon,Johnson,XXXXXXXXX,XXXXXXXXX,9693 Clear Crossing,Clovis,CA,93611
5771,Mary,Mcmahon,XXXXXXXXX,XXXXXXXXX,3052 Broad Rabbit Pointe,Caguas,PR,725
5772,Andrea,Smith,XXXXXXXXX,XXXXXXXXX,4353 Velvet Treasure Island,Hampton,VA,23666
5773,Mary,Ellis,XXXXXXXXX,XXXXXXXXX,6692 Velvet Grove,Jacksonville,FL,32225
5774,Virginia,Smith,XXXXXXXXX,XXXXXXXXX,5315 Indian Rise Dell,Caguas,PR,725
5775,Joyce,Garcia,XXXXXXXXX,XXXXXXXXX,4868 Tawny Park,Los Angeles,CA,90004
5776,Albert,Martin,XXXXXXXXX,XXXXXXXXX,914 Round Pony Canyon,Strongsville,OH,44136
5777,Mary,Terry,XXXXXXXXX,XXXXXXXXX,2122 Crystal Mountain,Caguas,PR,725
5778,Evelyn,Smith,XXXXXXXXX,XXXXXXXXX,7864 Jagged Nectar Isle,Eagle Pass,TX,78852
5779,Mary,Powell,XXXXXXXXX,XXXXXXXXX,8473 Lost Brook Bay,Caguas,PR,725
5780,Mary,Smith,XXXXXXXXX,XXXXXXXXX,75 Noble Swale,Bronx,NY,10460
5781,Jack,Stanley,XXXXXXXXX,XXXXXXXXX,3032 High Run,Los Angeles,CA,90043
5782,Mary,Hardin,XXXXXXXXX,XXXXXXXXX,5926 Emerald Elk Diversion,Caguas,PR,725
5783,Daniel,Smith,XXXXXXXXX,XXXXXXXXX,4746 Quaking Bear Valley,Indianapolis,IN,46227
5784,Matthew,Wolfe,XXXXXXXXX,XXXXXXXXX,406 Shady Cider Corner,Antioch,TN,37013
5785,Mary,Frost,XXXXXXXXX,XXXXXXXXX,5271 Rocky Pathway,Caguas,PR,725
5786,Brian,Smith,XXXXXXXXX,XXXXXXXXX,4760 Grand Nook,Sumner,WA,98390
5787,Jordan,Medina,XXXXXXXXX,XXXXXXXXX,3880 Emerald Villas,Caguas,PR,725
5788,Mary,Barrera,XXXXXXXXX,XXXXXXXXX,523 Crystal Log Square,Indio,CA,92201
5789,Katherine,Smith,XXXXXXXXX,XXXXXXXXX,1399 Cinder Loop,Caguas,PR,725
5790,Mary,Young,XXXXXXXXX,XXXXXXXXX,4174 Dewy Pioneer Court,Fremont,CA,94536
5791,Debra,Lutz,XXXXXXXXX,XXXXXXXXX,5500 Noble Brook Circuit,Elk Grove,CA,95758
5792,Mary,Smith,XXXXXXXXX,XXXXXXXXX,398 Pleasant Mountain,Saint Louis,MO,63116
5793,Margaret,Weeks,XXXXXXXXX,XXXXXXXXX,7864 Rustic Creek Trace,Caguas,PR,725
5794,Bruce,Werner,XXXXXXXXX,XXXXXXXXX,6613 Sleepy Horse Quay,Philadelphia,PA,19140
5795,Mary,Smith,XXXXXXXXX,XXXXXXXXX,2592 Colonial Pointe,Caguas,PR,725
5796,Crystal,Hamilton,XXXXXXXXX,XXXXXXXXX,1100 Amber Turnabout,Las Vegas,NV,89117
5797,Roy,Smith,XXXXXXXXX,XXXXXXXXX,1546 Cinder Autumn Cape,La Mirada,CA,90638
5798,Mary,Butler,XXXXXXXXX,XXXXXXXXX,773 Heather Sky Mount,Albuquerque,NM,87120
5799,Keith,Singleton,XXXXXXXXX,XXXXXXXXX,5259 Easy Timber Townline,Caguas,PR,725
5800,Mary,Smith,XXXXXXXXX,XXXXXXXXX,1612 Quaking Walk,Crown Point,IN,46307
5801,Theresa,Pearson,XXXXXXXXX,XXXXXXXXX,6715 Gentle Horse Row,Lutz,FL,33549
5802,Mary,Smith,XXXXXXXXX,XXXXXXXXX,9533 Burning Limits,Caguas,PR,725
5803,Rebecca,Stewart,XXXXXXXXX,XXXXXXXXX,3225 Dusty Autumn Meadow,Jamaica,NY,11434
5804,Mary,Burns,XXXXXXXXX,XXXXXXXXX,560 Sleepy Gate,York,PA,17404
5805,Raymond,Bray,XXXXXXXXX,XXXXXXXXX,6750 Stony Fawn Wood,Caguas,PR,725
5806,Mary,Smith,XXXXXXXXX,XXXXXXXXX,2433 Thunder Grove Place,Chesapeake,VA,23320
5807,Edward,Silva,XXXXXXXXX,XXXXXXXXX,1173 Iron Terrace,Caguas,PR,725
5808,Amanda,Smith,XXXXXXXXX,XXXXXXXXX,4132 Broad Branch Route,Denver,CO,80231
5809,Mary,Nunez,XXXXXXXXX,XXXXXXXXX,7191 Cinder Woods,Caguas,PR,725
5810,Anthony,Smith,XXXXXXXXX,XXXXXXXXX,6888 Wishing Mountain Run,Rome,NY,13440
5811,Mary,Edwards,XXXXXXXXX,XXXXXXXXX,857 Little Prairie Walk,Caguas,PR,725
5812,Angela,Smith,XXXXXXXXX,XXXXXXXXX,2329 Sunny View Corner,New York,NY,10031
5813,Mary,Brock,XXXXXXXXX,XXXXXXXXX,3668 Sunny Wharf,Caguas,PR,725
5814,Debra,Smith,XXXXXXXXX,XXXXXXXXX,9551 Blue Pond Downs,Washington,DC,20020
5815,Mary,Proctor,XXXXXXXXX,XXXXXXXXX,8498 High Quay,Caguas,PR,725
5816,Barbara,Smith,XXXXXXXXX,XXXXXXXXX,5271 Rocky Pathway,Chicago,IL,60645
5817,Mary,Diaz,XXXXXXXXX,XXXXXXXXX,1795 Little Timber Wood,Caguas,PR,725
5818,Brandon,Smith,XXXXXXXXX,XXXXXXXXX,7958 Thunder Apple Street,El Paso,TX,79912
5819,Mary,Leon,XXXXXXXXX,XXXXXXXXX,2685 Umber Road,New Brunswick,NJ,8901
5820,Margaret,Smith,XXXXXXXXX,XXXXXXXXX,6692 Round Hill,Caguas,PR,725
5821,Jessica,Humphrey,XXXXXXXXX,XXXXXXXXX,1043 Wishing Bear Ramp,Hyattsville,MD,20783
5822,Maria,Smith,XXXXXXXXX,XXXXXXXXX,3200 Sunny Grove Jetty,Caguas,PR,725
5823,Mary,Gardner,XXXXXXXXX,XXXXXXXXX,789 Umber Butterfly Round,Lancaster,PA,17603
5824,James,Smith,XXXXXXXXX,XXXXXXXXX,2248 Bright Way,Caguas,PR,725
5825,Roy,Mckay,XXXXXXXXX,XXXXXXXXX,6909 Shady Sky Park,San Diego,CA,92104
5826,Mary,Smith,XXXXXXXXX,XXXXXXXXX,4635 Shady Pine Boulevard,Caguas,PR,725
5827,Angela,Fox,XXXXXXXXX,XXXXXXXXX,2726 Blue Diversion,Seattle,WA,98115
5828,Katherine,Oconnell,XXXXXXXXX,XXXXXXXXX,2127 Middle Goose Mews,Caguas,PR,725
5829,Mary,Smith,XXXXXXXXX,XXXXXXXXX,119 Round Vale,Houston,TX,77015
5830,Mary,Walker,XXXXXXXXX,XXXXXXXXX,5012 Tawny Brook Vale,Caguas,PR,725
5831,Patricia,Smith,XXXXXXXXX,XXXXXXXXX,4601 Dewy Creek Concession,Hesperia,CA,92345
5832,Jennifer,Scott,XXXXXXXXX,XXXXXXXXX,3403 Iron Quay,Baltimore,MD,21215
5833,Jessica,Smith,XXXXXXXXX,XXXXXXXXX,3601 Cozy Creek Trail,Brooklyn,NY,11216
5834,Andrew,Fernandez,XXXXXXXXX,XXXXXXXXX,6718 High Panda Dell,Caguas,PR,725
5835,Justin,Hoffman,XXXXXXXXX,XXXXXXXXX,5443 Old Timber Expressway,Livermore,CA,94550
5836,Mary,Orr,XXXXXXXXX,XXXXXXXXX,849 Noble Apple Private,New York,NY,10128
5837,Denise,Coffey,XXXXXXXXX,XXXXXXXXX,8059 Cozy Anchor Ramp,New York,NY,10027
5838,Mary,Smith,XXXXXXXXX,XXXXXXXXX,3538 Rustic Dale Run,Caguas,PR,725
5839,David,Williams,XXXXXXXXX,XXXXXXXXX,1449 High Carrefour,Bend,OR,97701
5840,Andrea,Nunez,XXXXXXXXX,XXXXXXXXX,4895 Lost Swale,Los Angeles,CA,90024
5841,Mary,Smith,XXXXXXXXX,XXXXXXXXX,3076 Indian Mews,Caguas,PR,725
5842,Lisa,Davis,XXXXXXXXX,XXXXXXXXX,1981 Thunder Zephyr Edge,San Jose,CA,95125
5843,Jack,Frost,XXXXXXXXX,XXXXXXXXX,1017 Round Ledge,York,PA,17402
5844,Mary,Smith,XXXXXXXXX,XXXXXXXXX,9406 Tawny Apple Rise,Caguas,PR,725
5845,Daniel,Bruce,XXXXXXXXX,XXXXXXXXX,6032 Jagged Butterfly Canyon,La Mesa,CA,91941
5846,Betty,Smith,XXXXXXXXX,XXXXXXXXX,9133 Bright Hills Townline,Caguas,PR,725
5847,Mary,Torres,XXXXXXXXX,XXXXXXXXX,9709 Dewy Pointe,Lockport,NY,14094
5848,Tammy,Sloan,XXXXXXXXX,XXXXXXXXX,3281 Velvet Passage,Caguas,PR,725
5849,Mary,Conrad,XXXXXXXXX,XXXXXXXXX,6135 Lazy Prairie Ridge,Saint Louis,MO,63129
5850,Robert,Maddox,XXXXXXXXX,XXXXXXXXX,3446 Hazy Byway,Caguas,PR,725
5851,Raymond,Smith,XXXXXXXXX,XXXXXXXXX,4771 Dewy Timber Lane,Brooklyn,NY,11206
5852,Mary,Harris,XXXXXXXXX,XXXXXXXXX,556 Cozy Maze,Las Vegas,NV,89101
5853,Ralph,Hicks,XXXXXXXXX,XXXXXXXXX,4280 Lost Pony Wood,Caguas,PR,725
5854,Mary,Smith,XXXXXXXXX,XXXXXXXXX,5803 Umber Meadow,Fullerton,CA,92833
5855,Daniel,Young,XXXXXXXXX,XXXXXXXXX,5482 Amber Park,Caguas,PR,725
5856,Melissa,Gomez,XXXXXXXXX,XXXXXXXXX,4466 Burning Round,Detroit,MI,48213
5857,Mary,Gregory,XXXXXXXXX,XXXXXXXXX,6567 High Lagoon Heath,Caguas,PR,725
5858,John,Smith,XXXXXXXXX,XXXXXXXXX,9814 High Timber Circuit,Chicago,IL,60639
5859,Ronald,Wilson,XXXXXXXXX,XXXXXXXXX,8996 Rocky Pointe,San Antonio,TX,78207
5860,Alan,Kelly,XXXXXXXXX,XXXXXXXXX,6289 Rocky Way,Caguas,PR,725
5861,Mary,Mann,XXXXXXXXX,XXXXXXXXX,9600 Velvet Horse Freeway,Des Plaines,IL,60016
5862,David,Cantu,XXXXXXXXX,XXXXXXXXX,5553 Wishing Grove,Caguas,PR,725
5863,Amy,Smith,XXXXXXXXX,XXXXXXXXX,8187 Cotton Rise Court,Cordova,TN,38018
5864,Mary,Gentry,XXXXXXXXX,XXXXXXXXX,8773 Iron Forest Front,Newburgh,NY,12550
5865,David,Middleton,XXXXXXXXX,XXXXXXXXX,3283 Fallen Bend,Caguas,PR,725
5866,Daniel,Smith,XXXXXXXXX,XXXXXXXXX,7773 Cinder Timber Island,Modesto,CA,95350
5867,Beverly,Jackson,XXXXXXXXX,XXXXXXXXX,326 Wishing Vista,Tallahassee,FL,32303
5868,Mary,Baxter,XXXXXXXXX,XXXXXXXXX,4463 Indian Anchor By-pass,Caguas,PR,725
5869,Mary,Smith,XXXXXXXXX,XXXXXXXXX,6711 Blue Passage,Plano,TX,75023
5870,John,Hughes,XXXXXXXXX,XXXXXXXXX,9005 Old Robin Plaza,Caguas,PR,725
5871,Cynthia,Jordan,XXXXXXXXX,XXXXXXXXX,5919 Thunder Lagoon Vale,Bronx,NY,10453
5872,Mary,Smith,XXXXXXXXX,XXXXXXXXX,450 Harvest Gate Lookout,Woonsocket,RI,2895
5873,Jerry,Clark,XXXXXXXXX,XXXXXXXXX,9087 Foggy Townline,Caguas,PR,725
5874,Mary,Smith,XXXXXXXXX,XXXXXXXXX,3849 Umber Forest End,Trujillo Alto,PR,976
5875,Mary,Rodgers,XXXXXXXXX,XXXXXXXXX,654 Gentle Acres,Philadelphia,PA,19143
5876,Kevin,Smith,XXXXXXXXX,XXXXXXXXX,9843 Indian Passage,Costa Mesa,CA,92627
5877,Mary,Patel,XXXXXXXXX,XXXXXXXXX,8711 Dusty Deer Valley,Tempe,AZ,85282
5878,Sharon,Smith,XXXXXXXXX,XXXXXXXXX,6317 Cinder River Centre,Caguas,PR,725
5879,Mary,Martin,XXXXXXXXX,XXXXXXXXX,2264 Red Route,Brooklyn,NY,11236
5880,Jennifer,Kerr,XXXXXXXXX,XXXXXXXXX,7589 Honey Fawn Crossing,Santa Clara,CA,95051
5881,Dorothy,Smith,XXXXXXXXX,XXXXXXXXX,2089 Easy Heath,Caguas,PR,725
5882,Mary,Ruiz,XXXXXXXXX,XXXXXXXXX,4047 Cozy Falls,Oceanside,CA,92054
5883,James,Garner,XXXXXXXXX,XXXXXXXXX,6058 Stony Walk,Fayetteville,NC,28314
5884,Gary,Smith,XXXXXXXXX,XXXXXXXXX,4062 Dusty Quail Ridge,Portland,OR,97229
5885,Mary,Parker,XXXXXXXXX,XXXXXXXXX,5004 Gentle Mountain Grove,Caguas,PR,725
5886,Ann,Smith,XXXXXXXXX,XXXXXXXXX,6077 Clear Mountain Abbey,Hampton,VA,23666
5887,Mary,Peters,XXXXXXXXX,XXXXXXXXX,9494 Bright Stead,Caguas,PR,725
5888,Donald,Rowland,XXXXXXXXX,XXXXXXXXX,4839 Golden Extension,Jamaica,NY,11434
5889,Jonathan,Smith,XXXXXXXXX,XXXXXXXXX,9 Golden Court,Pekin,IL,61554
5890,Mary,Baldwin,XXXXXXXXX,XXXXXXXXX,3360 Umber Bend,Caguas,PR,725
5891,Margaret,Chang,XXXXXXXXX,XXXXXXXXX,5628 Clear Knoll,Las Vegas,NV,89103
5892,Catherine,Smith,XXXXXXXXX,XXXXXXXXX,151 Jagged Rise Stead,Newark,DE,19702
5893,Mary,Young,XXXXXXXXX,XXXXXXXXX,9406 Iron Zephyr Wood,Caguas,PR,725
5894,Lauren,Smith,XXXXXXXXX,XXXXXXXXX,9544 Noble Spring Route,Chicago,IL,60615
5895,Mary,Sullivan,XXXXXXXXX,XXXXXXXXX,6590 Emerald Mountain Subdivision,Caguas,PR,725
5896,Wayne,Graham,XXXXXXXXX,XXXXXXXXX,1229 Sunny Forest Place,Forest Hills,NY,11375
5897,Mary,Griffin,XXXXXXXXX,XXXXXXXXX,8876 Misty Valley,Newburgh,NY,12550
5898,Emily,Jacobs,XXXXXXXXX,XXXXXXXXX,3980 High Line,Caguas,PR,725
5899,Mary,Hubbard,XXXXXXXXX,XXXXXXXXX,8572 Silent Crest,Brooklyn,NY,11235
5900,James,Kaiser,XXXXXXXXX,XXXXXXXXX,4823 Tawny Moor,Colorado Springs,CO,80906
5901,Matthew,Smith,XXXXXXXXX,XXXXXXXXX,3579 Bright Fox Villas,Caguas,PR,725
5902,Mary,Jones,XXXXXXXXX,XXXXXXXXX,9650 Easy Autoroute,Mission,TX,78572
5903,Virginia,Smith,XXXXXXXXX,XXXXXXXXX,2657 Hidden Dale,Antioch,TN,37013
5904,Catherine,Peterson,XXXXXXXXX,XXXXXXXXX,3826 Umber Branch View,Caguas,PR,725
5905,Denise,Smith,XXXXXXXXX,XXXXXXXXX,3087 Blue Harbour,Albuquerque,NM,87105
5906,Austin,Anderson,XXXXXXXXX,XXXXXXXXX,3360 Umber Bend,Canovanas,PR,729
5907,Mary,Proctor,XXXXXXXXX,XXXXXXXXX,9483 Old Bank,Caguas,PR,725
5908,Emily,Smith,XXXXXXXXX,XXXXXXXXX,8767 Thunder Corners,Austin,TX,78753
5909,Catherine,Owens,XXXXXXXXX,XXXXXXXXX,3760 Rocky Village,Caguas,PR,725
5910,Mary,Heath,XXXXXXXXX,XXXXXXXXX,7191 Jagged Avenue,Long Beach,CA,90813
5911,Andrew,Smith,XXXXXXXXX,XXXXXXXXX,9015 Little Sky Avenue,Burnsville,MN,55337
5912,Mary,Palmer,XXXXXXXXX,XXXXXXXXX,1066 Stony Bay,Tampa,FL,33624
5913,Cynthia,Daniel,XXXXXXXXX,XXXXXXXXX,1658 Rustic Elk Lane,Caguas,PR,725
5914,Nicholas,Smith,XXXXXXXXX,XXXXXXXXX,3907 Emerald Rise,Chicago,IL,60629
5915,Mary,Hamilton,XXXXXXXXX,XXXXXXXXX,690 Quaking By-pass,Lawrenceville,GA,30043
5916,Karen,Hicks,XXXXXXXXX,XXXXXXXXX,8110 Broad Passage,Hayward,CA,94541
5917,Ashley,Smith,XXXXXXXXX,XXXXXXXXX,4617 Sunny Range,Mchenry,IL,60050
5918,Jeffrey,Wright,XXXXXXXXX,XXXXXXXXX,7983 Velvet Beach,Caguas,PR,725
5919,Mary,Santiago,XXXXXXXXX,XXXXXXXXX,9632 Wishing Bend,Staten Island,NY,10306
5920,Dorothy,Smith,XXXXXXXXX,XXXXXXXXX,2926 Red Park,Chandler,AZ,85224
5921,Mary,Buchanan,XXXXXXXXX,XXXXXXXXX,2674 Bright Timber Gardens,Caguas,PR,725
5922,Sharon,Mercado,XXXXXXXXX,XXXXXXXXX,4958 Heather Panda Bank,Chicago,IL,60643
5923,Mary,Smith,XXXXXXXXX,XXXXXXXXX,7392 Pleasant Horse Orchard,Highland,CA,92346
5924,Virginia,Williams,XXXXXXXXX,XXXXXXXXX,905 Little Farms,Caguas,PR,725
5925,Megan,Bennett,XXXXXXXXX,XXXXXXXXX,4411 Cinder Front,Hempstead,NY,11550
5926,Mary,Smith,XXXXXXXXX,XXXXXXXXX,599 Sleepy Townline,Granada Hills,CA,91344
5927,Christopher,Cooper,XXXXXXXXX,XXXXXXXXX,1112 Sunny Pond Wood,Caguas,PR,725
5928,Janice,Chavez,XXXXXXXXX,XXXXXXXXX,8354 Pleasant Timber Pathway,Oxnard,CA,93033
5929,Mary,Shepherd,XXXXXXXXX,XXXXXXXXX,18 Golden Point,Miami,FL,33186
5930,Sara,Smith,XXXXXXXXX,XXXXXXXXX,3298 Round Creek Expressway,Caguas,PR,725
5931,Mary,Herrera,XXXXXXXXX,XXXXXXXXX,4575 Thunder Dale,Compton,CA,90221
5932,Charles,Smith,XXXXXXXXX,XXXXXXXXX,1411 Umber View,Sun Valley,CA,91352
5933,Megan,Reyes,XXXXXXXXX,XXXXXXXXX,252 Sleepy Butterfly Line,Caguas,PR,725
5934,Mary,Summers,XXXXXXXXX,XXXXXXXXX,8233 Grand Beacon Boulevard,Newburgh,NY,12550
5935,Mary,Smith,XXXXXXXXX,XXXXXXXXX,3481 Wishing Port,Philadelphia,PA,19148
5936,Michael,Davis,XXXXXXXXX,XXXXXXXXX,5271 Quaking Deer Bend,Caguas,PR,725
5937,William,Costa,XXXXXXXXX,XXXXXXXXX,3930 Sunny Walk,San Sebastian,PR,685
5938,Donna,Smith,XXXXXXXXX,XXXXXXXXX,651 Lazy Cape,Caguas,PR,725
5939,Shirley,Moore,XXXXXXXXX,XXXXXXXXX,2186 Easy Creek Key,Enfield,CT,6082
5940,Mary,Hartman,XXXXXXXXX,XXXXXXXXX,456 Colonial Glen,Caguas,PR,725
5941,Douglas,Smith,XXXXXXXXX,XXXXXXXXX,1656 Honey Rise Village,Newark,OH,43055
5942,Walter,Perez,XXXXXXXXX,XXXXXXXXX,9420 Velvet Lagoon Trail,Philadelphia,PA,19145
5943,Mary,Sherman,XXXXXXXXX,XXXXXXXXX,7004 Dewy Beacon Walk,Caguas,PR,725
5944,Stephen,Smith,XXXXXXXXX,XXXXXXXXX,1102 Cozy Wynd,Elmhurst,NY,11373
5945,Mary,Young,XXXXXXXXX,XXXXXXXXX,4208 Harvest Grounds,Morganton,NC,28655
5946,Daniel,Smith,XXXXXXXXX,XXXXXXXXX,4823 Golden Hollow,Caguas,PR,725
5947,Eric,Moyer,XXXXXXXXX,XXXXXXXXX,8416 Foggy Dale,Phoenix,AZ,85040
5948,Mary,Smith,XXXXXXXXX,XXXXXXXXX,7773 Burning Village,Caguas,PR,725
5949,Ryan,Howell,XXXXXXXXX,XXXXXXXXX,5892 Grand Cloud Parade,Laguna Hills,CA,92653
5950,Mary,Smith,XXXXXXXXX,XXXXXXXXX,2901 Sunny Cloud Line,Caguas,PR,725
5951,Brenda,Oconnell,XXXXXXXXX,XXXXXXXXX,1453 Grand Rabbit Park,Phoenix,AZ,85032
5952,Jacob,Smith,XXXXXXXXX,XXXXXXXXX,263 Hazy Wharf,Clearfield,UT,84015
5953,Mary,Sparks,XXXXXXXXX,XXXXXXXXX,3261 Heather Estates,Irwin,PA,15642
5954,Amy,Smith,XXXXXXXXX,XXXXXXXXX,5407 Old Willow Townline,Caguas,PR,725
5955,Mildred,Burke,XXXXXXXXX,XXXXXXXXX,7627 Quaking Quail Acres,Carolina,PR,985
5956,Mary,Buchanan,XXXXXXXXX,XXXXXXXXX,4566 Clear Willow Pike,Arlington,TX,76010
5957,Harold,Smith,XXXXXXXXX,XXXXXXXXX,1726 Easy Highway,Caguas,PR,725
5958,Mary,Brown,XXXXXXXXX,XXXXXXXXX,4675 Cozy Way,Garden Grove,CA,92843
5959,Thomas,Humphrey,XXXXXXXXX,XXXXXXXXX,660 Indian Chase,Caguas,PR,725
5960,Margaret,Smith,XXXXXXXXX,XXXXXXXXX,2050 Rocky Quay,Round Rock,TX,78664
5961,Kevin,Ruiz,XXXXXXXXX,XXXXXXXXX,6631 Tawny Panda Woods,Caguas,PR,725
5962,Jordan,Smith,XXXXXXXXX,XXXXXXXXX,7885 Colonial Mount,Fresno,CA,93727
5963,Johnny,Smith,XXXXXXXXX,XXXXXXXXX,7111 Indian Island Glade,Elk Grove,CA,95758
5964,Mary,Brown,XXXXXXXXX,XXXXXXXXX,4297 Velvet Anchor Pike,Saint Louis,MO,63116
5965,Richard,Parker,XXXXXXXXX,XXXXXXXXX,1018 Colonial Nectar Subdivision,Caguas,PR,725
5966,Joseph,Stone,XXXXXXXXX,XXXXXXXXX,6481 Clear Cider Falls,Fullerton,CA,92833
5967,Matthew,Farmer,XXXXXXXXX,XXXXXXXXX,4271 Noble Island,Caguas,PR,725
5968,Deborah,Smith,XXXXXXXXX,XXXXXXXXX,8877 Little Anchor Maze,Campbell,CA,95008
5969,Adam,Hampton,XXXXXXXXX,XXXXXXXXX,5505 Grand Cloud Farm,Caguas,PR,725
5970,Mary,Smith,XXXXXXXXX,XXXXXXXXX,2486 Pleasant Field,Manchester,CT,6040
5971,Philip,Johnson,XXXXXXXXX,XXXXXXXXX,8963 Hidden Panda Meadow,Caguas,PR,725
5972,Mary,Burton,XXXXXXXXX,XXXXXXXXX,921 Noble Grounds,Pomona,CA,91767
5973,Michael,Smith,XXXXXXXXX,XXXXXXXXX,8428 Honey Freeway,Caguas,PR,725
5974,Harold,Weiss,XXXXXXXXX,XXXXXXXXX,2586 High Log Autoroute,Mcallen,TX,78501
5975,Mary,Smith,XXXXXXXXX,XXXXXXXXX,3137 Harvest Branch Road,Caguas,PR,725
5976,William,Estrada,XXXXXXXXX,XXXXXXXXX,2584 Round Square,Glendale,AZ,85308
5977,Amanda,Shaffer,XXXXXXXXX,XXXXXXXXX,633 Blue Bear Edge,Montebello,CA,90640
5978,Lauren,Smith,XXXXXXXXX,XXXXXXXXX,5365 Tawny Apple Limits,Dorchester Center,MA,2124
5979,Mary,Kerr,XXXXXXXXX,XXXXXXXXX,2199 Hazy Creek Farms,Vista,CA,92084
5980,Betty,Smith,XXXXXXXXX,XXXXXXXXX,3814 Thunder Rise,Caguas,PR,725
5981,Ronald,Williamson,XXXXXXXXX,XXXXXXXXX,398 Pleasant Mountain,Burnsville,MN,55337
5982,Sharon,Smith,XXXXXXXXX,XXXXXXXXX,7072 Noble Bear Gate,Caguas,PR,725
5983,Mary,Anderson,XXXXXXXXX,XXXXXXXXX,2737 Pleasant Parade,New York,NY,10031
5984,Janet,Norton,XXXXXXXXX,XXXXXXXXX,896 Thunder Knoll,Dallas,TX,75216
5985,Mary,Smith,XXXXXXXXX,XXXXXXXXX,8792 Crystal Sky Hollow,Caguas,PR,725
5986,Matthew,Rowe,XXXXXXXXX,XXXXXXXXX,5630 Tawny Circuit,Dallas,TX,75231
5987,Mary,Smith,XXXXXXXXX,XXXXXXXXX,9795 Shady Pond Cove,Houston,TX,77015
5988,Melissa,Miller,XXXXXXXXX,XXXXXXXXX,5434 Grand Common,Caguas,PR,725
5989,Kathleen,Becker,XXXXXXXXX,XXXXXXXXX,7236 Middle Gardens,Brooklyn,NY,11235
5990,Mary,Summers,XXXXXXXXX,XXXXXXXXX,1384 Pleasant Blossom Meadow,Mayaguez,PR,680
5991,Stephen,Smith,XXXXXXXXX,XXXXXXXXX,1643 Clear Jetty,Arlington,VA,22204
5992,Mary,Cross,XXXXXXXXX,XXXXXXXXX,3820 Iron Inlet,Caguas,PR,725
5993,Austin,Clayton,XXXXXXXXX,XXXXXXXXX,6491 Harvest Willow Pike,Carson,CA,90745
5994,Mary,Smith,XXXXXXXXX,XXXXXXXXX,8589 Red Deer Circuit,Caguas,PR,725
5995,Emma,Foster,XXXXXXXXX,XXXXXXXXX,3183 Gentle Turnabout,Rosemead,CA,91770
5996,Mary,Smith,XXXXXXXXX,XXXXXXXXX,436 Honey Willow Knoll,Newark,OH,43055
5997,Jonathan,Jones,XXXXXXXXX,XXXXXXXXX,8775 Tawny Pony Cape,Lynn,MA,1902
5998,Mary,Cline,XXXXXXXXX,XXXXXXXXX,547 Harvest Dale Ledge,Caguas,PR,725
5999,Randy,Smith,XXXXXXXXX,XXXXXXXXX,9174 Umber Robin Knoll,Cupertino,CA,95014
6000,Mary,Wilkins,XXXXXXXXX,XXXXXXXXX,3915 Iron Corner,Caguas,PR,725
